Date,Capital ratio-A Agricult & fishing-Large-%,Capital ratio-B Mining and quarrying-Large-%,Capital ratio-C Manufacturing-Large-%,Capital ratio-D Electricity and gas-Large-%,Capital ratio-E Water and waste-Large-%,Capital ratio-F Construction-Large-%,Capital ratio-G Trade-Large-%,Capital ratio-H Transport and storage-Large-%,Capital ratio-I Hotels and similar-Large-%,Capital ratio-J Information and communication-Large-%,Capital ratio-L Real estate-Large-%,Capital ratio-N Administrative activities-Large-%,Capital ratio-P Education-Large-%,Capital ratio-Q Health and social-Large-%,Capital ratio-R Shows and sports-Large-%,Capital ratio-S Other services-Large-%,Capital ratio-Large-%,Capital ratio-M Professional and scientific-Large-%,Financial debt (% liabilities)-A Agricult & fishing-Large,Financial debt (% liabilities)-B Mining and quarrying-Large,Financial debt (% liabilities)-C Manufacturing-Large,Financial debt (% liabilities)-D Electricity and gas-Large,Financial debt (% liabilities)-E Water and waste-Large,Financial debt (% liabilities)-F Construction-Large,Financial debt (% liabilities)-G Trade-Large,Financial debt (% liabilities)-H Transport and storage-Large,Financial debt (% liabilities)-I Hotels and similar-Large,Financial debt (% liabilities)-J Information and communication-Large,Financial debt (% liabilities)-L Real estate-Large,Financial debt (% liabilities)-N Administrative activities-Large,Financial debt (% liabilities)-P Education-Large,Financial debt (% liabilities)-Q Health and social-Large,Financial debt (% liabilities)-R Shows and sports-Large,Financial debt (% liabilities)-S Other services-Large,Financial debt (% liabilities)-Large,Financial debt (% liabilities)-M Professional and scientific-Large,Cost of financial debt-A Agricult & fishing-Large-%,Cost of financial debt-B Mining and quarrying-Large-%,Cost of financial debt-C Manufacturing-Large-%,Cost of financial debt-D Electricity and gas-Large-%,Cost of financial debt-E Water and waste-Large-%,Cost of financial debt-F Construction-Large-%,Cost of financial debt-G Trade-Large-%,Cost of financial debt-H Transport and storage-Large-%,Cost of financial debt-I Hotels and similar-Large-%,Cost of financial debt-J Information and communication-Large-%,Cost of financial debt-L Real estate-Large-%,Cost of financial debt-N Administrative activities-Large-%,Cost of financial debt-P Education-Large-%,Cost of financial debt-Q Health and social-Large-%,Cost of financial debt-R Shows and sports-Large-%,Cost of financial debt-S Other services-Large-%,Cost of financial debt-Large-%,Cost of financial debt-M Professional and scientific-Large-%,GVA (% output)-A Agricult & fishing-Large,GVA (% output)-B Mining and quarrying-Large,GVA (% output)-C Manufacturing-Large,GVA (% output)-D Electricity and gas-Large,GVA (% output)-E Water and waste-Large,GVA (% output)-F Construction-Large,GVA (% output)-G Trade-Large,GVA (% output)-H Transport and storage-Large,GVA (% output)-I Hotels and similar-Large,GVA (% output)-J Information and communication-Large,GVA (% output)-L Real estate-Large,GVA (% output)-N Administrative activities-Large,GVA (% output)-P Education-Large,GVA (% output)-Q Health and social-Large,GVA (% output)-R Shows and sports-Large,GVA (% output)-S Other services-Large,GVA (% output)-Large,GVA (% output)-M Professional and scientific-Large,Return on assets-A Agricult & fishing-Large-%,Return on assets-B Mining and quarrying-Large-%,Return on assets-C Manufacturing-Large-%,Return on assets-D Electricity and gas-Large-%,Return on assets-E Water and waste-Large-%,Return on assets-F Construction-Large-%,Return on assets-G Trade-Large-%,Return on assets-H Transport and storage-Large-%,Return on assets-I Hotels and similar-Large-%,Return on assets-J Information and communication-Large-%,Return on assets-L Real estate-Large-%,Return on assets-N Administrative activities-Large-%,Return on assets-P Education-Large-%,Return on assets-Q Health and social-Large-%,Return on assets-R Shows and sports-Large-%,Return on assets-S Other services-Large-%,Return on assets-Large-%,Return on assets-M Professional and scientific-Large-%,EBITDA / invested capital-A Agricult & fishing-Large-%,EBITDA / invested capital-B Mining and quarrying-Large-%,EBITDA / invested capital-C Manufacturing-Large-%,EBITDA / invested capital-D Electricity and gas-Large-%,EBITDA / invested capital-E Water and waste-Large-%,EBITDA / invested capital-F Construction-Large-%,EBITDA / invested capital-G Trade-Large-%,EBITDA / invested capital-H Transport and storage-Large-%,EBITDA / invested capital-I Hotels and similar-Large-%,EBITDA / invested capital-J Information and communication-Large-%,EBITDA / invested capital-L Real estate-Large-%,EBITDA / invested capital-N Administrative activities-Large-%,EBITDA / invested capital-P Education-Large-%,EBITDA / invested capital-Q Health and social-Large-%,EBITDA / invested capital-R Shows and sports-Large-%,EBITDA / invested capital-S Other services-Large-%,EBITDA / invested capital-Large-%,EBITDA / invested capital-M Professional and scientific-Large-%,Financing expenses coverage ratio-A Agricult & fishing-Large,Financing expenses coverage ratio-B Mining and quarrying-Large,Financing expenses coverage ratio-C Manufacturing-Large,Financing expenses coverage ratio-D Electricity and gas-Large,Financing expenses coverage ratio-E Water and waste-Large,Financing expenses coverage ratio-F Construction-Large,Financing expenses coverage ratio-G Trade-Large,Financing expenses coverage ratio-H Transport and storage-Large,Financing expenses coverage ratio-I Hotels and similar-Large,Financing expenses coverage ratio-J Information and communication-Large,Financing expenses coverage ratio-L Real estate-Large,Financing expenses coverage ratio-N Administrative activities-Large,Financing expenses coverage ratio-P Education-Large,Financing expenses coverage ratio-Q Health and social-Large,Financing expenses coverage ratio-R Shows and sports-Large,Financing expenses coverage ratio-S Other services-Large,Financing expenses coverage ratio-Large,Financing expenses coverage ratio-M Professional and scientific-Large,Financial debt (% assets)-A Agricult & fishing-Large,Financial debt (% assets)-B Mining and quarrying-Large,Financial debt (% assets)-C Manufacturing-Large,Financial debt (% assets)-D Electricity and gas-Large,Financial debt (% assets)-E Water and waste-Large,Financial debt (% assets)-F Construction-Large,Financial debt (% assets)-G Trade-Large,Financial debt (% assets)-H Transport and storage-Large,Financial debt (% assets)-I Hotels and similar-Large,Financial debt (% assets)-J Information and communication-Large,Financial debt (% assets)-L Real estate-Large,Financial debt (% assets)-N Administrative activities-Large,Financial debt (% assets)-P Education-Large,Financial debt (% assets)-Q Health and social-Large,Financial debt (% assets)-R Shows and sports-Large,Financial debt (% assets)-S Other services-Large,Financial debt (% assets)-Large,Financial debt (% assets)-M Professional and scientific-Large,EBITDA margin (% income)-A Agricult & fishing-Large,EBITDA margin (% income)-B Mining and quarrying-Large,EBITDA margin (% income)-C Manufacturing-Large,EBITDA margin (% income)-D Electricity and gas-Large,EBITDA margin (% income)-E Water and waste-Large,EBITDA margin (% income)-F Construction-Large,EBITDA margin (% income)-G Trade-Large,EBITDA margin (% income)-H Transport and storage-Large,EBITDA margin (% income)-I Hotels and similar-Large,EBITDA margin (% income)-J Information and communication-Large,EBITDA margin (% income)-L Real estate-Large,EBITDA margin (% income)-N Administrative activities-Large,EBITDA margin (% income)-P Education-Large,EBITDA margin (% income)-Q Health and social-Large,EBITDA margin (% income)-R Shows and sports-Large,EBITDA margin (% income)-S Other services-Large,EBITDA margin (% income)-Large,EBITDA margin (% income)-M Professional and scientific-Large,Financial debt over EBITDA-A Agricult & fishing-Large,Financial debt over EBITDA-B Mining and quarrying-Large,Financial debt over EBITDA-C Manufacturing-Large,Financial debt over EBITDA-D Electricity and gas-Large,Financial debt over EBITDA-E Water and waste-Large,Financial debt over EBITDA-F Construction-Large,Financial debt over EBITDA-G Trade-Large,Financial debt over EBITDA-H Transport and storage-Large,Financial debt over EBITDA-I Hotels and similar-Large,Financial debt over EBITDA-J Information and communication-Large,Financial debt over EBITDA-L Real estate-Large,Financial debt over EBITDA-N Administrative activities-Large,Financial debt over EBITDA-P Education-Large,Financial debt over EBITDA-Q Health and social-Large,Financial debt over EBITDA-R Shows and sports-Large,Financial debt over EBITDA-S Other services-Large,Financial debt over EBITDA-Large,Financial debt over EBITDA-M Professional and scientific-Large,Return on equity-A Agricult & fishing-Large-%,Return on equity-B Mining and quarrying-Large-%,Return on equity-C Manufacturing-Large-%,Return on equity-D Electricity and gas-Large-%,Return on equity-E Water and waste-Large-%,Return on equity-F Construction-Large-%,Return on equity-G Trade-Large-%,Return on equity-H Transport and storage-Large-%,Return on equity-I Hotels and similar-Large-%,Return on equity-J Information and communication-Large-%,Return on equity-L Real estate-Large-%,Return on equity-N Administrative activities-Large-%,Return on equity-P Education-Large-%,Return on equity-Q Health and social-Large-%,Return on equity-R Shows and sports-Large-%,Return on equity-S Other services-Large-%,Return on equity-Large-%,Return on equity-M Professional and scientific-Large-%,Net income (% income)-A Agricult & fishing-Large,Net income (% income)-B Mining and quarrying-Large,Net income (% income)-C Manufacturing-Large,Net income (% income)-D Electricity and gas-Large,Net income (% income)-E Water and waste-Large,Net income (% income)-F Construction-Large,Net income (% income)-G Trade-Large,Net income (% income)-H Transport and storage-Large,Net income (% income)-I Hotels and similar-Large,Net income (% income)-J Information and communication-Large,Net income (% income)-L Real estate-Large,Net income (% income)-N Administrative activities-Large,Net income (% income)-P Education-Large,Net income (% income)-Q Health and social-Large,Net income (% income)-R Shows and sports-Large,Net income (% income)-S Other services-Large,Net income (% income)-Large,Net income (% income)-M Professional and scientific-Large,Equity (% assets)-A Agricult & fishing-Large,Equity (% assets)-B Mining and quarrying-Large,Equity (% assets)-C Manufacturing-Large,Equity (% assets)-D Electricity and gas-Large,Equity (% assets)-E Water and waste-Large,Equity (% assets)-F Construction-Large,Equity (% assets)-G Trade-Large,Equity (% assets)-H Transport and storage-Large,Equity (% assets)-I Hotels and similar-Large,Equity (% assets)-J Information and communication-Large,Equity (% assets)-L Real estate-Large,Equity (% assets)-N Administrative activities-Large,Equity (% assets)-P Education-Large,Equity (% assets)-Q Health and social-Large,Equity (% assets)-R Shows and sports-Large,Equity (% assets)-S Other services-Large,Equity (% assets)-Large,Equity (% assets)-M Professional and scientific-Large,Gross profit (% income)-A Agricult & fishing-Large,Gross profit (% income)-B Mining and quarrying-Large,Gross profit (% income)-C Manufacturing-Large,Gross profit (% income)-D Electricity and gas-Large,Gross profit (% income)-E Water and waste-Large,Gross profit (% income)-F Construction-Large,Gross profit (% income)-G Trade-Large,Gross profit (% income)-H Transport and storage-Large,Gross profit (% income)-I Hotels and similar-Large,Gross profit (% income)-J Information and communication-Large,Gross profit (% income)-L Real estate-Large,Gross profit (% income)-N Administrative activities-Large,Gross profit (% income)-P Education-Large,Gross profit (% income)-Q Health and social-Large,Gross profit (% income)-R Shows and sports-Large,Gross profit (% income)-S Other services-Large,Gross profit (% income)-Large,Gross profit (% income)-M Professional and scientific-Large,EBIT margin (% income)-A Agricult & fishing-Large,EBIT margin (% income)-B Mining and quarrying-Large,EBIT margin (% income)-C Manufacturing-Large,EBIT margin (% income)-D Electricity and gas-Large,EBIT margin (% income)-E Water and waste-Large,EBIT margin (% income)-F Construction-Large,EBIT margin (% income)-G Trade-Large,EBIT margin (% income)-H Transport and storage-Large,EBIT margin (% income)-I Hotels and similar-Large,EBIT margin (% income)-J Information and communication-Large,EBIT margin (% income)-L Real estate-Large,EBIT margin (% income)-N Administrative activities-Large,EBIT margin (% income)-P Education-Large,EBIT margin (% income)-Q Health and social-Large,EBIT margin (% income)-R Shows and sports-Large,EBIT margin (% income)-S Other services-Large,EBIT margin (% income)-Large,EBIT margin (% income)-M Professional and scientific-Large,EBITDA (% turnover )-A Agricult & fishing-Large,EBITDA (% turnover )-B Mining and quarrying-Large,EBITDA (% turnover )-C Manufacturing-Large,EBITDA (% turnover )-D Electricity and gas-Large,EBITDA (% turnover )-E Water and waste-Large,EBITDA (% turnover )-F Construction-Large,EBITDA (% turnover )-G Trade-Large,EBITDA (% turnover )-H Transport and storage-Large,EBITDA (% turnover )-I Hotels and similar-Large,EBITDA (% turnover )-J Information and communication-Large,EBITDA (% turnover )-L Real estate-Large,EBITDA (% turnover )-N Administrative activities-Large,EBITDA (% turnover )-P Education-Large,EBITDA (% turnover )-Q Health and social-Large,EBITDA (% turnover )-R Shows and sports-Large,EBITDA (% turnover )-S Other services-Large,EBITDA (% turnover )-Large,EBITDA (% turnover )-M Professional and scientific-Large,Financial pressure-A Agricult & fishing-Large-%,Financial pressure-B Mining and quarrying-Large-%,Financial pressure-C Manufacturing-Large-%,Financial pressure-D Electricity and gas-Large-%,Financial pressure-E Water and waste-Large-%,Financial pressure-F Construction-Large-%,Financial pressure-G Trade-Large-%,Financial pressure-H Transport and storage-Large-%,Financial pressure-I Hotels and similar-Large-%,Financial pressure-J Information and communication-Large-%,Financial pressure-L Real estate-Large-%,Financial pressure-N Administrative activities-Large-%,Financial pressure-P Education-Large-%,Financial pressure-Q Health and social-Large-%,Financial pressure-R Shows and sports-Large-%,Financial pressure-S Other services-Large-%,Financial pressure-Large-%,Financial pressure-M Professional and scientific-Large-%,Current ratio-A Agricult & fishing-Large-%,Current ratio-B Mining and quarrying-Large-%,Current ratio-C Manufacturing-Large-%,Current ratio-D Electricity and gas-Large-%,Current ratio-E Water and waste-Large-%,Current ratio-F Construction-Large-%,Current ratio-G Trade-Large-%,Current ratio-H Transport and storage-Large-%,Current ratio-I Hotels and similar-Large-%,Current ratio-J Information and communication-Large-%,Current ratio-L Real estate-Large-%,Current ratio-N Administrative activities-Large-%,Current ratio-P Education-Large-%,Current ratio-Q Health and social-Large-%,Current ratio-R Shows and sports-Large-%,Current ratio-S Other services-Large-%,Current ratio-Large-%,Current ratio-M Professional and scientific-Large-%
2006-12-31,,,46.05,38.89,57.37,31.71,32.02,5.89,40.58,41.08,15.47,1.55,45.77,21.57,35.05,,35.46,36.84,,,45.53,60.61,46.08,28.26,39.83,61.81,50.7,39.75,57.8,51.44,49.05,56.89,70.03,,49.86,73.19,,,5.41,5.27,3.74,10.76,4.73,4.06,4.48,5.16,5.58,4.4,5.79,3.25,4.41,,5.13,5.84,,,20.76,23.18,59.07,19.79,51.56,44.91,44.06,40.06,7.64,63.22,76.72,38.46,43.92,,30.33,29.64,,,14.39,12.65,9.35,9.19,9.42,8.18,7.13,17.61,6.87,11.95,12.83,9.36,9.41,,12.15,8.81,,,20.38,16.66,12.14,18.02,15.94,12.76,10.08,27.31,10.68,22.89,17.73,14.14,11.68,,17.97,10.6,,,10.83,6.49,12.74,4.43,7.36,3.46,5.27,14.56,2.52,5.36,8.33,6.45,4.69,,7.36,3.26,,,24.56,37.04,19.64,19.3,27.08,58.16,30.13,23.42,48.86,50.64,26.6,44.61,45.48,,32.18,46.22,,,11.93,25.81,31.15,8.7,5.13,17.06,11.28,25.84,7.89,8.99,18.06,9.23,17.8,,12.98,15.21,,,1.71,2.93,2.1,2.1,2.87,7.11,4.23,1.33,7.11,4.24,2.07,4.77,4.84,,2.65,5.25,,,13.39,18.76,5.59,12.44,11.8,7.69,2.39,13.19,15.49,41.32,9.16,12.66,5.5,,14.0,9.34,,,5.11,14.89,10.69,3.73,2.06,0.95,1.53,7.95,2.75,0.48,5.9,2.69,3.65,,5.3,5.94,,,46.05,38.89,57.37,31.71,32.02,5.89,40.58,41.08,15.47,1.55,45.77,21.57,35.05,,35.46,36.84,,,18.84,16.93,48.73,16.69,7.88,37.4,40.89,36.0,1.42,60.9,60.08,37.49,74.91,,19.29,26.14,,,7.49,20.43,15.33,6.65,3.5,7.93,4.75,13.83,6.85,2.75,8.24,5.05,7.58,,8.45,11.93,,,12.58,33.07,36.22,9.45,5.4,19.13,11.88,27.57,8.61,9.28,21.96,9.41,18.98,,14.11,17.16,,,9.23,15.42,7.85,22.59,13.58,28.91,18.96,6.87,39.72,18.65,12.0,15.5,21.33,,13.59,30.63,,,131.32,60.63,78.31,129.71,107.84,57.5,69.73,120.82,120.13,74.86,76.08,101.79,57.01,,96.79,60.23
2007-12-31,,,44.99,31.34,59.18,28.03,31.35,8.64,41.13,37.07,19.37,12.13,49.82,11.59,39.61,,32.84,39.76,,,45.81,62.03,48.18,36.17,39.26,66.96,48.41,42.17,70.97,53.51,41.42,58.36,61.93,,52.06,66.51,,,6.67,5.03,4.59,9.81,5.58,5.05,5.27,4.31,5.84,6.3,8.5,5.17,5.46,,5.65,8.37,,,20.05,19.86,57.95,21.46,52.54,45.42,44.91,39.66,12.94,63.76,76.57,37.28,44.68,,30.34,42.35,,,14.29,7.96,10.07,8.03,10.75,9.68,10.38,15.56,7.75,16.1,13.04,5.3,12.56,,11.33,13.46,,,20.36,10.77,12.77,14.86,18.44,13.87,14.9,24.46,10.12,27.22,18.47,8.39,16.31,,16.71,16.86,,,8.5,3.72,11.16,3.15,7.14,3.13,6.91,13.6,2.32,5.44,7.38,1.99,6.16,,5.73,4.01,,,25.2,42.59,19.67,26.03,26.95,61.17,28.5,26.54,57.23,47.02,20.78,51.6,37.4,,34.96,40.07,,,11.92,18.25,30.57,8.85,5.74,20.74,15.12,24.89,11.68,14.58,17.68,5.46,21.08,,12.74,21.59,,,1.76,5.35,1.95,3.24,2.51,6.32,2.75,1.71,7.38,2.92,1.59,9.73,2.98,,3.09,2.98,,,13.67,9.9,5.46,9.87,14.36,21.46,9.21,14.69,12.35,18.36,8.49,-18.87,10.82,,13.09,16.97,,,5.13,7.11,9.81,3.05,2.41,3.97,5.52,8.71,3.6,2.02,5.74,-2.25,7.19,,4.83,10.82,,,44.99,31.34,59.18,28.03,31.35,8.64,41.13,37.07,19.37,12.13,49.82,11.59,39.61,,32.84,39.76,,,17.67,16.21,49.37,17.68,8.39,38.6,41.91,35.73,8.08,60.59,59.45,35.72,75.46,,19.57,38.11,,,7.86,13.21,14.66,6.63,4.14,11.13,9.32,13.72,9.7,5.43,8.26,1.29,10.71,,8.34,18.87,,,12.58,20.86,34.66,9.73,6.04,23.04,15.89,26.73,12.75,15.26,21.56,5.61,22.41,,13.67,23.92,,,11.76,26.89,8.96,31.78,14.0,31.91,14.48,7.35,43.14,18.39,13.54,50.27,16.24,,17.44,24.93,,,131.68,62.28,86.19,132.16,105.69,63.27,69.68,102.01,74.61,76.4,70.8,115.58,50.9,,96.99,90.04
2008-12-31,61.84,,42.69,28.6,59.24,25.05,32.48,4.05,38.02,37.48,13.3,11.54,50.81,12.16,40.41,,30.59,39.59,41.28,,54.06,63.5,48.02,34.12,40.76,67.24,53.27,43.5,74.48,53.95,41.67,55.26,65.59,,54.48,60.0,5.23,,6.49,5.88,4.82,11.51,6.35,5.65,4.56,5.18,6.38,7.06,6.93,6.17,5.39,,6.24,7.17,22.43,,18.21,16.55,56.41,20.96,53.55,42.57,43.55,39.76,14.68,63.9,76.2,35.08,44.69,,28.26,41.42,7.3,,11.34,8.32,10.25,6.89,10.91,9.0,7.03,16.71,7.37,15.13,11.76,9.55,9.17,,10.31,6.93,9.41,,15.39,11.25,13.0,13.61,18.18,13.12,9.9,25.84,9.46,25.54,16.49,15.73,11.53,,15.08,9.14,8.86,,5.64,3.12,10.87,2.34,6.24,2.47,4.67,11.86,1.79,4.49,8.28,3.19,4.35,,4.37,2.67,15.75,,30.98,45.34,19.57,25.58,27.52,64.51,33.02,27.2,64.57,47.72,20.5,48.54,39.08,,37.81,36.25,12.19,,9.39,15.85,30.15,7.16,5.69,19.38,10.85,26.6,14.9,13.53,17.06,8.35,15.96,,11.23,10.23,2.16,,2.73,5.45,1.91,3.71,2.52,7.17,4.69,1.63,8.77,3.15,1.74,5.08,4.26,,3.67,5.23,7.04,,8.47,10.57,5.34,3.42,14.38,-5.51,2.14,15.52,13.41,10.23,7.8,20.39,1.32,,9.98,2.7,7.27,,2.99,5.76,9.3,0.89,2.44,-0.48,1.25,9.25,3.61,1.06,5.75,2.17,0.93,,3.32,1.58,61.84,,42.69,28.6,59.24,25.05,32.48,4.05,38.02,37.48,13.3,11.54,50.81,12.16,40.41,,30.59,39.59,19.23,,14.42,12.72,49.08,15.98,8.16,35.81,40.56,36.29,15.34,61.01,59.57,32.82,74.61,,17.53,36.45,8.16,,5.62,11.81,14.58,4.94,4.09,9.01,4.87,14.37,12.86,4.69,7.94,5.18,4.71,,6.97,7.37,12.88,,10.13,18.83,33.66,8.05,6.03,21.7,11.39,28.41,15.45,14.1,20.68,8.84,16.71,,12.26,11.54,11.29,,17.72,32.06,9.2,42.71,16.02,40.5,21.41,8.43,55.96,22.27,12.08,31.34,22.97,,22.87,37.51,200.55,,133.56,71.47,93.07,130.3,105.97,65.38,65.87,100.43,69.9,81.42,72.65,108.07,43.47,,97.84,94.16
2009-12-31,35.65,,40.39,29.41,42.04,25.2,33.15,1.78,37.84,38.74,16.57,12.45,53.36,10.96,35.77,,30.12,40.93,27.89,,55.04,60.69,50.47,33.78,35.82,69.85,57.22,47.46,78.14,51.46,44.07,63.32,70.0,,54.38,56.96,5.58,,5.0,5.46,3.83,8.72,4.77,4.48,3.68,4.01,4.92,6.99,5.49,3.84,3.76,,5.04,5.23,23.75,,18.94,21.49,53.24,20.71,52.69,47.48,46.0,39.24,27.92,64.07,76.78,34.09,47.68,,30.86,37.43,5.93,,9.64,8.59,8.17,7.84,9.01,8.68,9.79,16.51,8.19,14.25,10.47,8.19,8.69,,9.81,9.49,11.07,,13.17,11.89,11.45,15.54,15.78,12.33,13.34,24.34,10.02,24.78,14.16,12.17,10.77,,14.41,12.73,5.92,,5.88,3.67,7.28,3.56,7.89,2.82,7.48,14.17,2.56,4.53,9.28,3.79,5.15,,5.12,5.4,17.95,,32.81,42.84,29.25,25.27,23.95,68.6,35.57,29.07,65.19,45.06,20.55,56.38,44.96,,38.0,33.65,7.75,,9.99,20.15,29.2,8.39,4.91,21.45,15.15,26.6,23.96,12.16,15.51,7.38,18.6,,12.35,16.04,3.03,,3.4,4.99,3.58,3.22,2.66,7.91,3.63,1.76,7.96,3.16,1.96,6.88,5.17,,3.87,3.54,0.83,,6.31,11.21,5.03,10.26,10.57,11.36,10.2,14.67,16.69,5.69,5.98,6.87,0.11,,9.93,12.23,0.39,,2.64,7.73,7.57,2.77,1.91,0.5,5.97,9.16,8.09,0.6,4.73,0.68,0.09,,3.76,8.45,35.65,,40.39,29.41,42.04,25.2,33.15,1.78,37.84,38.74,16.57,12.45,53.36,10.96,35.77,,30.12,40.93,17.46,,17.52,16.2,47.35,17.71,8.27,39.94,42.35,34.79,26.26,61.25,58.08,32.02,66.3,,19.75,33.36,1.91,,5.41,14.89,13.97,6.14,3.16,9.69,9.48,13.66,20.33,3.67,6.66,3.54,3.97,,7.34,12.92,8.59,,10.52,24.79,32.13,9.07,5.17,24.15,16.08,28.98,24.62,12.65,19.28,7.77,20.96,,13.41,17.7,16.88,,17.01,27.21,13.74,28.1,12.68,35.4,13.37,7.06,39.12,22.09,10.77,26.41,19.43,,19.52,18.53,103.13,,127.95,71.02,90.92,126.26,101.32,59.81,77.92,85.01,57.72,70.93,72.81,83.71,51.63,,92.12,99.17
2010-12-31,40.48,,39.0,28.14,33.9,24.17,34.69,18.02,39.9,49.85,18.93,13.83,52.12,18.18,39.11,,35.11,52.3,27.2,,53.01,72.41,47.96,39.36,34.13,65.36,53.87,64.96,85.43,61.31,41.61,63.46,67.85,,56.38,54.45,4.56,,5.48,4.49,3.73,8.5,4.6,6.13,4.05,2.11,4.22,4.95,5.64,5.46,6.02,,4.76,4.06,22.62,,19.54,20.92,47.43,18.29,53.91,39.25,42.19,39.75,53.86,68.64,72.49,37.52,68.71,,30.14,36.29,6.75,,11.45,9.32,7.2,8.17,9.65,14.83,6.74,26.88,10.48,14.51,8.42,12.13,12.97,,13.14,10.21,11.91,,16.05,11.63,10.98,15.12,16.93,20.72,9.33,32.61,11.88,21.77,11.69,17.3,16.13,,18.33,13.05,9.14,,6.46,3.99,6.08,3.22,9.41,4.52,5.14,39.1,3.59,5.55,7.49,4.27,5.21,,7.55,9.68,16.19,,32.34,52.04,31.7,29.84,22.29,53.58,32.37,32.58,69.26,52.83,19.92,51.92,41.32,,36.59,25.97,11.54,,11.27,23.28,28.21,9.74,5.53,20.02,11.43,52.83,39.24,12.17,13.35,13.01,23.82,,16.12,22.85,2.4,,2.82,5.58,4.4,3.65,2.31,3.61,4.8,1.21,6.61,3.64,2.37,4.28,3.19,,2.78,2.54,5.14,,12.18,14.82,4.81,13.55,12.34,29.16,2.39,41.43,21.93,16.32,4.71,21.71,4.14,,19.85,10.45,3.56,,4.68,10.41,6.39,3.91,2.46,7.09,1.62,40.59,15.54,1.89,3.89,4.23,2.98,,8.55,12.23,40.48,,39.0,28.14,33.9,24.17,34.69,18.02,39.9,49.85,18.93,13.83,52.12,18.18,39.11,,35.11,52.3,22.6,,16.75,17.88,41.86,15.99,8.54,31.66,37.64,23.02,51.93,65.92,54.67,36.24,67.94,,18.44,31.57,6.66,,7.55,18.01,13.43,7.75,3.95,12.61,4.8,43.81,32.53,4.95,5.85,9.25,7.55,,11.91,15.94,12.03,,11.95,25.93,31.13,10.79,5.81,23.27,12.36,88.28,40.67,12.63,16.47,13.41,27.01,,17.99,24.82,10.94,,15.48,25.06,16.44,31.06,10.63,22.13,19.46,2.56,27.89,18.03,13.35,23.4,19.19,,13.24,10.33,113.87,,123.74,77.53,68.27,129.55,101.71,108.43,63.24,57.02,19.61,83.17,59.93,105.03,49.48,,98.78,93.37
2011-12-31,45.05,,39.82,27.48,35.12,20.76,35.73,13.11,39.45,49.57,,16.44,56.95,16.07,42.8,,34.62,56.17,47.94,,54.6,74.42,46.99,43.85,37.69,68.97,55.87,64.56,,60.56,47.46,60.7,75.13,,59.02,60.7,6.36,,5.83,4.61,4.44,9.58,5.16,5.21,4.38,4.8,,5.29,4.29,6.24,6.97,,5.34,4.09,25.13,,17.16,19.08,48.05,18.73,51.87,38.04,40.51,42.87,,65.54,72.86,37.58,63.64,,27.98,28.91,6.58,,10.54,8.92,7.67,4.36,7.86,10.09,5.59,8.35,,11.91,5.78,10.88,4.86,,9.03,14.19,9.21,,14.5,10.95,11.68,7.85,13.12,13.81,7.62,10.17,,17.76,7.46,16.24,5.67,,12.33,17.14,3.93,,5.51,3.59,5.66,1.31,6.29,3.23,3.77,5.35,,4.45,6.59,3.42,1.62,,4.38,13.04,26.34,,32.85,53.97,30.49,34.75,24.22,59.93,33.83,32.56,,50.6,20.43,50.95,42.97,,38.59,26.6,9.69,,9.64,21.47,28.98,5.89,4.64,16.29,9.52,27.03,,10.8,9.64,10.95,8.58,,11.59,28.59,4.0,,3.12,6.05,3.98,7.98,3.08,5.94,6.06,3.9,,4.25,3.54,4.68,8.84,,4.27,1.87,1.57,,9.51,14.71,5.88,-6.34,7.78,10.14,-0.13,0.49,,5.76,1.05,10.5,-14.26,,7.63,16.36,1.04,,3.47,9.72,7.81,-1.78,1.64,2.15,-0.09,0.78,,0.86,1.0,1.7,-10.77,,3.39,18.51,45.05,,39.82,27.48,35.12,20.76,35.73,13.11,39.45,49.57,,16.44,56.95,16.07,42.8,,34.62,56.17,21.3,,14.8,16.01,41.7,15.42,8.1,32.79,36.4,38.84,,62.62,56.04,35.39,73.97,,17.95,19.63,3.86,,6.31,16.68,15.42,3.83,2.98,8.68,2.89,11.36,,3.78,2.5,6.84,-5.07,,7.29,22.03,10.33,,10.15,24.07,32.75,6.49,4.86,17.65,10.16,28.93,,11.24,11.71,11.41,8.87,,12.43,38.05,25.45,,18.16,27.87,17.66,76.39,15.9,30.98,26.55,18.71,,22.47,15.18,29.21,61.58,,22.84,7.67,145.21,,125.76,75.42,88.82,134.74,97.27,82.12,67.53,53.09,,76.92,65.65,85.43,35.94,,96.48,122.26
2012-12-31,41.61,,39.83,25.39,35.01,22.23,34.96,13.86,35.7,48.26,15.59,16.63,60.06,17.36,30.76,,33.65,63.82,45.43,,55.14,72.76,49.1,44.64,37.65,65.0,55.56,68.25,81.82,60.15,47.3,59.81,65.49,,59.26,33.94,6.72,,5.35,4.51,5.61,10.51,5.57,5.57,4.45,4.75,4.96,5.26,4.81,7.51,7.57,,5.38,5.94,25.6,,15.93,19.36,46.1,22.92,49.82,36.74,40.1,43.07,40.04,63.07,72.97,38.81,71.81,,27.51,33.21,5.8,,8.74,8.58,7.64,7.12,7.29,9.43,3.45,8.96,7.88,11.44,5.08,11.23,14.43,,8.54,9.02,8.51,,11.97,10.77,11.41,12.5,12.27,13.5,4.84,10.72,9.3,17.14,6.43,16.82,18.97,,11.7,11.86,3.25,,4.92,3.5,4.27,1.95,5.35,3.03,2.17,5.34,2.3,4.33,5.59,3.03,4.2,,4.04,12.38,26.53,,33.17,54.29,31.91,34.72,24.48,55.99,35.73,35.32,69.06,50.14,18.89,49.43,45.34,,39.32,12.28,8.29,,7.99,21.97,29.26,10.62,4.26,15.44,5.7,29.16,24.52,10.73,9.1,10.54,23.61,,11.26,15.02,4.58,,3.8,6.33,4.18,4.88,3.36,5.94,10.34,3.94,8.77,4.38,3.72,4.4,3.14,,4.61,1.36,0.83,,6.11,14.93,5.51,4.29,6.48,8.61,-6.88,3.52,12.27,3.8,-0.52,6.67,5.45,,6.95,3.71,0.5,,2.23,9.7,7.39,1.42,1.32,1.95,-4.05,5.53,5.95,0.59,-0.56,1.09,2.74,,3.09,3.94,41.61,,39.83,25.39,35.01,22.23,34.96,13.86,35.7,48.26,15.59,16.63,60.06,17.36,30.76,,33.65,63.82,21.39,,14.9,16.4,40.22,18.35,7.55,32.78,36.24,38.51,38.24,59.96,56.21,36.9,57.94,,18.25,28.42,3.69,,4.66,17.38,16.51,8.39,2.73,8.18,-0.89,13.2,18.81,3.4,1.28,6.15,8.48,,6.91,7.2,8.81,,8.28,24.51,32.62,12.03,4.48,16.41,6.04,31.43,25.59,11.22,11.06,10.97,29.8,,11.98,16.45,30.77,,20.32,28.55,23.44,51.27,18.68,33.06,45.99,18.72,43.47,23.07,17.88,33.05,23.79,,24.77,8.08,137.11,,107.21,86.74,77.64,138.19,99.51,69.08,83.28,63.71,101.42,95.75,65.28,92.49,55.12,,96.95,125.31
2013-12-31,39.51,,39.11,25.44,35.24,20.23,32.69,15.45,36.95,46.66,,20.39,61.12,18.83,22.71,,32.59,53.1,46.84,,54.85,71.18,49.53,48.66,32.62,71.91,48.24,67.44,,61.28,47.46,57.16,71.86,,58.97,35.24,6.62,,5.68,5.06,4.72,9.53,5.42,5.38,4.16,5.51,,4.91,4.86,6.72,6.37,,5.59,3.14,35.24,,15.82,18.35,48.85,25.68,49.88,39.67,39.84,42.69,,65.32,72.87,39.64,57.87,,27.7,35.92,6.19,,8.36,8.86,7.34,7.38,8.21,10.56,2.82,8.95,,15.21,4.23,13.81,11.59,,8.77,8.46,9.12,,11.52,11.29,10.9,12.49,15.03,13.85,4.19,10.83,,22.0,5.32,21.18,14.81,,12.12,12.15,3.3,,4.41,3.3,4.84,1.99,6.91,3.23,2.23,4.51,,6.36,4.72,4.43,3.28,,3.95,16.33,28.34,,33.4,53.07,32.07,38.81,21.96,60.8,30.42,35.97,,48.78,18.45,46.4,55.53,,39.75,16.53,11.7,,7.54,22.19,29.45,12.47,4.41,17.21,4.61,28.11,,12.69,8.13,12.31,21.42,,11.42,17.09,4.58,,4.0,5.99,4.37,5.26,2.67,5.76,10.79,4.02,,3.21,4.36,3.36,4.79,,4.53,1.95,2.8,,4.81,14.75,4.47,6.46,9.33,14.37,-7.25,2.34,,17.58,-1.78,19.63,3.6,,7.26,3.62,2.09,,1.7,9.39,6.31,2.21,1.64,3.62,-4.38,3.43,,2.99,-2.09,3.3,1.51,,3.08,3.89,39.51,,39.11,25.44,35.24,20.23,32.69,15.45,36.95,46.66,,20.39,61.12,18.83,22.71,,32.59,53.1,28.12,,14.79,14.97,42.88,15.91,7.29,35.73,34.94,36.62,,61.98,55.45,37.63,47.64,,17.91,33.45,4.89,,4.1,17.79,15.41,10.26,2.97,10.17,-1.68,11.34,,5.96,-0.18,8.15,8.08,,7.04,7.39,12.99,,7.8,25.06,32.68,15.8,4.63,18.22,4.97,31.3,,13.27,9.96,12.85,27.32,,12.23,17.9,30.33,,22.7,30.28,20.64,50.15,14.47,30.97,44.87,22.15,,15.73,21.19,22.58,30.5,,25.34,6.13,120.68,,120.43,126.33,77.75,142.17,93.66,92.12,88.92,40.7,,98.65,71.06,103.53,43.51,,102.3,79.88
2014-12-31,36.69,,45.68,25.82,35.94,24.52,34.69,15.0,42.16,13.84,,26.3,58.68,27.25,17.05,,30.71,42.79,26.46,,50.59,73.79,48.2,44.38,29.83,68.24,42.14,63.58,,56.55,44.63,54.62,68.89,,56.87,25.39,5.86,,5.96,4.84,5.75,12.58,5.86,5.49,4.62,5.34,,5.1,5.1,6.54,7.69,,5.7,3.58,24.18,,16.31,18.6,49.89,26.01,51.46,39.58,39.93,43.52,,64.35,73.25,39.52,63.42,,28.58,34.14,8.79,,8.04,8.85,7.87,7.04,9.27,10.37,8.5,-0.99,,15.25,4.35,15.64,16.47,,7.98,7.08,16.45,,10.99,10.99,11.78,12.13,17.11,14.2,12.78,-1.44,,22.43,5.64,23.35,22.21,,11.38,12.36,8.95,,4.91,3.34,4.43,1.67,8.12,3.25,7.55,-0.34,,7.17,4.62,6.02,3.75,,3.55,13.62,16.76,,27.48,54.74,30.88,33.5,19.48,58.01,24.38,54.78,,41.68,18.44,39.73,57.14,,39.41,14.52,13.21,,7.19,22.39,33.58,11.28,4.82,16.71,13.11,-2.07,,12.33,7.65,13.78,27.01,,9.67,13.77,1.91,,3.42,6.18,3.92,4.76,2.1,5.6,2.87,,,2.73,4.24,2.54,3.47,,4.94,2.05,10.8,,4.3,13.88,5.85,2.21,11.72,10.0,7.55,-97.96,,17.75,-1.66,24.16,16.84,,3.92,2.03,5.95,,1.75,9.07,8.97,0.87,2.12,2.42,4.91,-28.42,,3.78,-1.72,5.8,4.71,,1.46,1.69,36.69,,45.68,25.82,35.94,24.52,34.69,15.0,42.16,13.84,,26.3,58.68,27.25,17.05,,30.71,42.79,19.75,,15.17,15.07,42.27,16.28,7.57,35.92,34.69,39.49,,60.92,54.77,37.48,42.6,,18.12,28.54,7.48,,3.68,17.91,19.9,8.5,3.46,9.55,7.74,-21.54,,6.42,0.14,9.91,11.89,,5.2,4.75,14.17,,7.43,25.24,38.57,14.62,5.07,17.67,14.25,-2.18,,12.92,9.64,14.38,38.68,,10.34,14.83,11.18,,20.37,29.96,22.57,59.89,12.32,30.74,13.25,,,13.94,21.63,16.61,26.67,,28.14,7.34,48.54,,133.97,118.98,81.59,122.79,97.23,98.69,78.1,66.28,,109.6,81.04,116.13,47.69,,104.92,46.67
2015-12-31,40.62,,46.47,26.09,30.23,27.63,34.16,17.94,49.65,14.55,,25.98,60.59,26.48,22.02,,31.81,60.87,47.26,,51.04,73.39,47.05,43.81,26.64,67.07,41.1,59.11,,58.31,45.61,51.14,63.77,,56.55,37.83,3.65,,5.2,4.58,3.96,14.23,4.72,5.15,4.63,5.74,,4.48,4.35,6.18,5.89,,5.35,3.39,33.33,,19.02,17.29,51.27,27.18,51.03,40.77,40.78,45.68,,67.43,71.65,39.54,58.87,,30.18,40.61,6.65,,12.71,8.11,7.16,6.15,9.23,10.78,13.32,13.47,,14.65,3.9,14.38,12.76,,10.13,12.04,9.68,,17.22,10.09,11.36,10.37,17.86,14.77,18.93,20.7,,21.19,4.96,22.44,17.78,,14.4,15.91,6.49,,8.95,3.27,5.51,1.36,11.15,3.8,13.9,4.65,,7.58,4.98,6.19,4.36,,4.92,24.02,28.06,,27.32,54.24,32.82,31.71,17.54,55.03,20.69,50.51,,43.16,17.98,37.6,49.73,,38.56,14.8,13.61,,11.04,20.76,35.6,10.84,4.73,16.57,16.43,25.61,,12.06,7.62,12.96,22.74,,12.24,20.83,4.22,,2.15,6.69,4.58,5.15,1.9,5.11,1.55,3.75,,2.95,4.61,2.61,3.9,,3.81,1.23,5.05,,13.18,12.29,6.2,-2.33,11.98,12.87,15.44,-2.1,,15.1,-2.05,23.93,7.84,,10.66,9.74,4.2,,5.32,8.22,9.32,-1.13,2.1,3.55,9.46,-0.58,,3.23,-2.43,5.71,3.08,,4.1,10.26,40.62,,46.47,26.09,30.23,27.63,34.16,17.94,49.65,14.55,,25.98,60.59,26.48,22.02,,31.81,60.87,33.63,,18.21,14.4,45.62,16.91,7.23,36.86,31.67,40.88,,64.2,54.89,37.28,45.31,,19.35,32.97,7.14,,7.61,16.2,19.48,7.91,3.33,9.71,12.0,6.52,,5.68,-0.61,9.18,8.7,,7.75,12.5,13.97,,11.45,23.26,39.59,15.13,4.98,17.65,20.06,27.42,,12.58,9.29,13.6,29.83,,13.16,23.04,15.41,,11.17,30.62,18.13,73.34,8.97,26.32,7.19,21.52,,13.19,20.07,16.15,22.94,,20.34,4.16,116.8,,125.24,143.2,69.49,129.26,98.24,94.58,79.04,82.44,,99.94,84.41,98.77,46.76,,110.83,94.87
2016-12-31,23.92,63.44,42.89,27.27,32.39,29.5,34.05,18.14,47.79,16.54,11.08,22.91,58.38,27.84,19.11,55.08,31.42,54.36,39.22,27.14,52.14,72.5,44.62,46.56,28.73,64.74,40.58,59.61,89.93,63.54,34.27,49.14,53.82,26.0,56.6,52.58,4.89,3.99,3.7,4.69,3.59,11.48,3.83,4.26,3.4,5.92,2.23,2.8,3.21,5.18,7.0,5.34,4.72,2.24,23.1,43.16,20.18,18.2,51.47,28.14,52.58,43.35,41.61,45.72,16.13,65.54,67.88,39.82,70.86,58.08,31.62,46.84,3.84,17.06,12.01,8.25,7.26,6.89,9.48,12.84,10.43,14.89,-0.22,14.12,3.33,13.99,17.41,27.19,10.03,0.0,7.14,23.26,16.52,10.31,11.6,11.06,17.89,18.06,15.12,22.46,-0.24,19.63,4.59,22.1,27.79,40.72,14.28,0.0,2.63,43.06,10.91,3.34,6.7,1.83,13.05,5.69,14.47,5.05,-0.12,10.29,7.27,7.61,5.71,43.62,5.48,0.01,29.84,9.92,29.77,52.73,30.17,32.82,18.95,53.0,21.19,49.75,79.96,48.98,14.26,35.46,43.53,11.68,38.82,24.0,4.58,30.17,11.08,20.61,35.59,13.41,5.09,19.93,15.54,26.36,-0.71,11.22,5.98,12.23,29.62,25.58,12.23,0.01,7.77,0.58,2.48,6.39,4.16,4.76,2.0,4.13,2.03,3.34,,3.47,4.28,2.53,2.5,0.43,3.87,6473.5,-5.59,10.78,12.64,12.15,5.66,3.09,12.86,24.48,10.76,8.86,-30.98,11.63,-2.2,18.82,23.17,9.64,10.57,-13.69,-1.59,12.09,5.0,8.28,8.99,1.78,2.35,6.89,7.66,2.59,-11.22,2.12,-2.31,4.58,7.53,5.0,4.05,-14.45,23.92,63.44,42.89,27.27,32.39,29.5,34.05,18.14,47.79,16.54,11.08,22.91,58.38,27.84,19.11,55.08,31.42,54.36,20.62,33.77,18.69,15.47,45.76,17.69,7.56,39.75,36.54,41.36,13.27,63.55,53.05,37.59,42.41,56.15,20.26,49.89,-0.42,13.27,7.25,15.95,17.41,10.03,3.5,12.86,10.49,8.16,-3.66,4.14,-0.99,8.08,13.17,9.07,7.44,-11.5,4.87,35.51,11.49,23.03,39.44,18.94,5.39,21.07,16.82,27.82,-0.84,11.52,7.13,12.79,46.38,26.46,13.09,0.01,37.96,2.32,9.16,29.97,14.92,54.68,7.66,17.58,6.91,19.79,,9.71,13.75,13.14,17.5,2.29,18.25,,124.28,104.78,124.17,113.99,75.19,141.55,99.5,83.29,75.88,79.3,87.72,88.47,106.55,121.7,50.97,95.43,105.55,75.67
2017-12-31,27.21,61.47,43.17,26.27,33.56,30.04,33.88,25.87,50.28,16.7,16.47,20.72,61.17,23.74,19.36,47.05,31.88,52.85,26.16,33.34,49.24,74.49,45.27,46.61,31.97,62.12,41.99,59.6,85.48,65.13,40.12,58.18,50.42,43.02,56.48,53.24,5.96,3.83,3.87,4.3,3.14,7.74,3.21,3.72,3.44,5.78,2.12,2.12,3.37,3.59,6.89,4.57,4.21,2.63,22.17,52.81,19.53,14.24,50.24,27.57,51.96,41.9,42.42,45.67,26.63,64.63,68.84,40.03,64.69,55.35,30.36,48.18,6.29,21.09,13.66,7.02,7.09,5.0,9.16,13.01,12.4,14.78,4.5,14.62,6.09,12.63,13.33,10.44,10.14,7.57,13.6,28.38,19.2,8.64,11.14,7.98,16.65,18.09,17.43,22.27,5.12,20.2,7.93,18.54,22.21,14.95,14.42,9.71,5.54,42.86,12.61,2.97,7.5,1.98,13.51,7.6,17.24,5.15,2.97,13.33,11.59,7.93,4.76,10.03,6.27,11.47,19.04,12.85,27.98,54.93,30.07,32.61,21.14,46.05,20.88,49.65,71.4,51.64,15.58,44.37,40.66,22.78,38.48,25.1,9.68,33.76,10.81,17.4,32.01,10.43,5.24,18.67,17.73,25.06,22.43,11.49,9.54,12.59,26.68,12.29,11.66,14.03,3.03,0.61,2.05,7.83,4.24,6.52,2.31,3.54,1.68,3.36,15.86,3.53,2.56,3.51,3.05,2.18,3.79,3.32,5.74,14.22,14.49,8.66,5.7,0.5,13.38,18.95,13.62,3.49,8.0,14.44,2.22,22.68,3.57,-13.81,11.06,3.23,2.4,13.99,4.95,5.64,8.63,0.31,2.59,7.03,9.79,0.99,6.56,2.35,2.13,5.37,1.38,-7.65,4.05,3.17,27.21,61.47,43.17,26.27,33.56,30.04,33.88,25.87,50.28,16.7,16.47,20.72,61.17,23.74,19.36,47.05,31.88,52.85,15.66,44.47,17.67,12.02,44.57,20.25,8.24,39.04,37.88,40.8,24.04,62.6,56.31,37.75,42.18,53.32,19.61,43.85,5.96,18.19,7.19,12.28,15.52,7.32,3.72,12.26,12.96,7.2,17.49,4.22,3.23,8.38,7.31,-4.44,7.14,6.31,10.61,37.56,11.21,19.24,35.6,12.66,5.48,19.54,19.04,26.58,23.98,11.81,11.07,13.18,38.43,12.81,12.33,15.07,18.05,2.33,7.93,33.69,13.33,50.44,7.4,13.16,5.8,19.43,33.64,7.5,8.63,12.61,21.01,9.97,15.96,8.72,64.57,90.95,131.48,86.11,82.2,137.01,101.65,118.87,85.82,71.41,89.73,76.66,94.23,118.57,54.11,85.06,103.31,98.46
2018-12-31,34.61,58.59,43.5,34.78,33.42,30.74,32.5,25.21,51.07,19.88,29.52,21.19,56.82,23.43,22.23,37.7,34.53,52.44,32.83,35.64,48.41,65.6,45.09,49.06,30.81,60.67,43.25,59.05,79.0,65.35,38.13,58.25,46.58,42.07,52.56,56.98,2.7,2.6,3.6,3.08,2.91,7.22,2.82,3.77,3.36,5.46,2.2,1.89,2.71,3.94,9.7,4.78,3.69,3.24,22.03,48.16,18.25,13.83,50.21,28.48,51.87,41.3,43.23,44.68,71.34,63.35,69.83,39.25,61.42,58.51,29.73,49.93,4.76,17.25,12.66,5.75,7.09,5.81,9.06,13.08,12.38,15.6,7.71,14.54,6.59,11.03,18.17,13.13,9.93,10.17,8.5,23.52,17.87,7.42,11.18,8.98,17.0,18.54,17.14,23.22,9.05,20.01,9.0,16.22,31.08,20.55,14.41,12.78,8.22,44.96,12.88,4.36,8.12,2.37,15.45,7.66,17.41,6.04,6.3,14.96,14.77,6.28,5.17,10.48,7.82,11.58,21.47,14.76,27.35,42.78,30.02,33.98,20.8,45.37,21.16,47.31,55.68,51.5,16.46,44.6,36.23,26.21,34.41,27.1,8.18,28.92,9.75,13.55,32.33,10.9,4.95,17.3,18.41,26.28,55.18,11.69,9.86,10.56,30.16,17.76,10.81,19.29,4.51,0.86,2.16,7.44,4.23,5.85,2.29,3.47,1.71,3.03,7.22,3.54,2.5,4.04,1.99,2.0,3.46,2.66,4.15,13.31,12.55,6.54,5.85,2.73,13.68,18.32,13.36,14.89,13.07,15.78,3.99,14.16,20.7,-4.97,10.86,9.92,2.47,13.07,4.2,5.35,8.92,1.57,2.43,6.11,10.15,4.99,27.62,2.69,3.39,3.18,7.64,-2.53,4.08,9.87,34.61,58.59,43.5,34.78,33.42,30.74,32.5,25.21,51.07,19.88,29.52,21.19,56.82,23.43,22.23,37.7,34.53,52.44,19.82,40.24,16.03,12.06,43.76,20.5,8.24,38.5,38.37,38.51,64.97,61.38,61.25,36.91,40.88,56.54,18.96,45.34,4.23,16.9,6.17,9.17,15.19,7.84,3.55,11.08,13.74,10.07,44.97,4.58,4.64,6.57,13.76,1.01,6.61,12.84,8.66,32.09,10.19,14.73,36.7,13.49,5.17,18.03,19.97,29.01,60.29,12.01,10.87,11.08,45.21,18.48,11.47,20.8,12.17,2.22,7.77,22.94,12.32,42.23,6.47,13.06,5.74,16.55,15.87,6.68,6.77,15.91,19.34,9.54,12.79,8.63,67.29,70.85,136.27,101.43,84.33,152.67,97.5,114.53,87.22,58.74,74.8,81.57,86.49,125.54,82.12,67.35,106.86,110.7
2019-12-31,28.47,,45.61,36.67,33.54,28.79,30.75,24.3,48.29,4.79,28.11,21.34,61.52,21.29,20.1,,33.94,47.2,31.83,,48.9,68.06,44.5,44.05,33.81,61.36,47.84,57.78,79.92,65.07,36.67,67.1,44.55,,52.88,52.97,2.29,,3.65,2.55,2.86,4.1,3.78,3.46,3.18,6.33,2.37,1.77,3.05,3.98,10.35,,3.54,2.94,29.71,,18.07,15.93,49.62,28.35,55.14,39.69,44.34,48.06,59.66,63.16,70.14,41.08,52.67,,30.94,50.52,7.53,,10.81,6.14,6.81,6.15,9.64,12.04,11.41,0.1,10.8,15.04,8.24,14.94,14.55,,8.69,10.12,14.71,,14.97,7.7,10.78,10.22,17.79,17.02,15.62,0.16,12.62,20.74,10.9,20.16,26.12,,12.62,13.47,14.47,,11.13,5.58,8.04,4.78,10.88,7.5,14.49,0.03,7.94,16.64,19.17,7.1,3.95,,7.02,12.29,22.77,,26.6,43.1,29.58,31.37,23.42,46.45,24.74,55.01,57.45,51.19,14.11,52.82,35.59,,34.94,27.97,12.82,,8.98,15.36,30.17,10.49,5.62,15.69,17.67,0.13,52.49,11.74,12.29,16.51,24.07,,9.48,17.42,3.02,,2.46,7.02,4.35,5.1,2.43,3.86,2.17,563.46,5.32,3.4,1.71,3.53,2.45,,4.02,2.76,12.68,,8.39,6.81,4.41,7.77,13.94,15.62,11.76,-327.99,23.5,20.65,6.38,28.11,-4.51,,6.61,9.07,6.14,,3.18,6.24,6.55,3.82,2.5,4.95,8.8,-21.56,32.11,3.44,5.85,6.61,-1.5,,2.45,7.36,28.47,,45.61,36.67,33.54,28.79,30.75,24.3,48.29,4.79,28.11,21.34,61.52,21.29,20.1,,33.94,47.2,25.01,,16.78,13.78,43.21,20.99,9.15,36.8,40.31,43.54,48.29,61.04,59.47,38.16,34.33,,19.98,43.78,8.55,,4.85,10.29,12.62,7.63,3.81,9.35,11.81,-17.97,45.1,5.3,7.18,10.42,5.62,,4.77,10.28,13.74,,9.25,16.74,34.2,12.74,5.84,16.42,18.7,0.14,64.85,12.08,13.92,17.68,37.17,,9.99,19.39,6.91,,8.99,17.91,12.43,20.93,9.19,13.34,6.9,3565.43,12.6,6.01,5.22,14.08,25.32,,14.24,8.13,58.1,,138.7,107.78,74.54,147.03,99.53,115.69,92.77,86.08,336.56,90.76,106.66,103.05,55.68,,111.14,113.81
2020-12-31,32.48,55.92,45.73,41.5,35.34,29.72,31.11,10.84,45.14,25.13,92.18,18.79,62.49,20.88,11.35,29.12,35.25,33.46,65.66,61.99,47.48,70.84,44.28,47.27,38.62,64.01,47.86,49.75,8.98,66.26,40.29,68.44,49.39,63.04,54.09,58.0,1.36,3.2,3.51,2.56,2.6,4.45,3.46,3.32,2.96,4.88,21.28,1.54,2.87,3.75,8.45,5.65,3.3,2.59,28.0,36.9,18.97,18.71,50.24,29.71,54.76,32.05,39.98,48.41,10.36,69.32,73.01,38.56,57.47,57.38,31.21,42.36,9.17,7.31,8.69,6.12,6.64,6.04,6.7,-1.75,-2.12,16.54,0.85,12.47,6.4,8.4,8.16,8.19,6.92,-5.86,11.93,8.78,12.15,7.38,10.38,9.6,11.61,-2.58,-2.97,26.52,0.92,17.17,8.25,11.19,14.81,11.1,9.84,-8.13,15.16,8.35,9.6,5.77,8.92,4.09,7.28,-0.92,-2.73,9.1,5.72,15.06,14.75,4.14,2.21,3.25,5.99,-5.87,44.33,27.32,25.77,41.45,28.63,33.22,26.61,57.07,26.26,37.25,0.7,53.81,15.11,54.15,43.78,44.68,35.03,38.59,15.83,18.28,7.97,16.66,29.06,10.95,4.21,-3.38,-4.93,27.9,3.64,11.6,10.71,11.19,17.72,14.09,8.63,-11.13,4.84,3.74,2.97,6.77,4.31,5.5,3.97,,,2.25,0.82,4.32,2.36,6.45,5.36,5.46,5.06,,18.24,2.49,4.62,6.0,3.72,7.44,5.08,-84.88,-14.45,15.57,0.58,8.76,3.27,5.14,-44.21,-30.34,2.26,-36.27,10.23,3.48,1.94,6.78,5.76,4.01,0.99,-17.74,-15.17,6.6,2.29,1.53,3.42,1.43,-10.89,-15.21,0.99,-23.05,32.48,55.92,45.73,41.5,35.34,29.72,31.11,10.84,45.14,25.13,92.18,18.79,62.49,20.88,11.35,29.12,35.25,33.46,23.93,27.74,17.79,16.46,43.15,22.39,9.46,27.66,30.66,44.53,9.98,66.53,60.99,35.79,31.71,49.03,20.04,37.59,11.46,3.98,3.13,11.47,11.14,7.86,2.03,-12.91,-15.24,10.96,3.5,3.09,5.14,4.58,-5.95,-9.19,3.13,-19.9,17.98,21.36,8.27,18.29,33.01,13.27,4.36,-3.61,-5.6,29.63,3.77,11.99,12.26,11.91,29.74,15.92,9.13,-12.26,6.6,11.97,10.41,17.32,11.21,24.48,13.74,,,10.99,17.49,6.64,6.78,24.17,45.29,30.81,16.69,,68.48,54.98,141.51,135.16,143.09,152.22,92.87,67.31,87.89,94.98,376.96,78.12,112.89,103.58,50.16,90.4,110.93,91.37
2021-12-31,36.66,57.54,46.33,35.73,37.11,31.08,30.44,22.75,43.87,24.78,28.62,20.72,62.14,22.57,9.88,25.64,34.49,29.04,58.15,48.81,44.56,62.83,43.79,42.47,35.43,59.08,47.02,49.16,75.18,64.85,35.88,65.5,53.99,61.31,50.92,68.53,1.68,3.23,3.11,1.93,2.68,4.47,3.4,4.16,3.18,4.52,2.13,1.44,2.2,4.54,7.27,5.29,3.1,3.17,26.81,52.16,19.06,13.31,48.12,25.92,56.6,35.96,44.44,46.99,62.46,70.09,72.03,40.66,60.22,59.88,30.58,49.63,4.72,20.51,10.85,5.17,6.94,5.06,7.26,-1.09,6.2,13.85,7.61,15.79,8.95,15.31,10.71,6.77,7.87,7.75,6.43,26.2,15.44,6.79,10.73,8.39,13.18,-1.59,8.82,22.42,9.24,21.89,11.82,20.89,18.3,9.51,11.61,9.97,7.64,30.68,14.58,6.63,9.42,3.87,8.66,-0.57,7.38,8.29,6.65,21.3,29.96,6.65,3.03,2.81,7.62,5.03,36.83,20.72,23.91,40.38,27.54,29.27,24.65,45.64,26.39,36.98,53.66,51.41,13.58,50.71,48.66,45.6,33.36,48.63,8.72,35.06,9.23,12.7,27.88,8.4,4.32,-1.83,11.99,22.54,48.47,13.64,14.22,17.69,21.64,12.35,9.06,15.58,7.8,1.01,2.2,7.82,3.97,5.78,3.4,,4.26,2.67,7.06,3.26,1.52,3.31,4.54,6.73,4.24,6.28,5.26,17.99,9.02,5.74,3.97,4.8,8.24,-30.14,1.59,7.34,14.36,24.23,7.37,27.7,-18.23,-36.87,5.76,1.09,3.56,17.7,3.55,5.04,5.92,2.48,1.49,-11.55,1.35,2.96,26.19,4.34,7.28,7.22,-3.64,-17.24,2.29,0.64,36.66,57.54,46.33,35.73,37.11,31.08,30.44,22.75,43.87,24.78,28.62,20.72,62.14,22.57,9.88,25.64,34.49,29.04,23.04,46.09,16.08,11.7,42.0,20.15,9.98,31.17,36.01,43.67,74.88,66.93,58.37,38.39,24.84,55.61,19.41,42.84,4.79,23.8,5.33,7.99,10.59,5.42,2.39,-9.49,3.61,6.46,39.31,6.41,8.98,11.9,2.17,-9.76,4.26,6.61,9.21,37.87,9.78,13.93,31.08,9.74,4.49,-1.97,13.33,23.61,43.44,14.17,16.62,18.71,40.69,13.11,9.63,17.54,13.09,3.26,6.86,15.08,10.62,25.82,11.55,,13.55,12.07,15.03,4.7,3.34,15.05,33.0,35.64,13.12,19.89,76.68,63.37,139.74,118.57,142.78,143.5,99.0,78.85,87.56,91.03,160.14,94.15,107.84,106.86,74.51,114.38,112.3,100.38
2022-12-31,37.92,58.95,45.86,32.51,38.37,32.29,32.92,26.53,45.63,26.83,30.27,24.86,57.77,25.43,17.29,44.93,34.93,30.53,57.08,46.11,43.82,63.24,40.75,38.21,31.56,48.81,46.74,48.23,68.46,62.48,34.7,68.07,47.97,66.73,48.36,60.21,2.17,3.88,3.46,2.25,2.9,7.66,4.08,4.54,3.88,4.66,2.33,1.82,2.11,4.38,9.26,6.69,3.51,3.29,25.72,40.04,16.1,9.43,47.69,24.3,55.35,34.48,44.38,47.01,59.95,68.56,69.52,39.16,62.55,60.94,27.17,55.07,6.38,13.65,12.36,5.26,7.51,7.24,12.07,11.36,15.13,15.2,15.84,16.84,8.09,13.28,17.34,22.57,10.63,11.72,8.69,17.53,17.77,7.0,11.83,12.44,22.32,18.21,21.3,24.46,20.31,23.45,11.17,17.44,30.43,27.64,16.01,16.2,8.28,18.6,15.08,5.49,10.32,3.65,13.97,6.98,15.33,9.24,14.24,19.68,26.1,5.98,4.72,9.18,9.61,8.53,35.44,18.93,23.72,42.68,25.12,25.87,21.17,35.86,25.41,35.29,47.74,46.95,14.65,50.75,39.68,36.75,31.47,41.83,10.19,24.07,9.0,9.23,28.27,10.74,6.53,15.84,20.51,23.11,44.36,14.16,11.27,16.22,28.74,28.85,10.38,19.34,5.56,1.39,1.92,8.11,3.34,3.58,1.75,3.16,1.68,2.32,3.01,2.79,1.81,3.82,2.29,1.63,2.96,3.57,8.83,6.27,12.9,6.72,5.09,9.12,18.65,15.93,19.11,8.37,30.16,25.84,5.58,17.94,27.29,9.08,12.56,16.54,5.35,6.51,4.31,3.83,7.35,4.37,3.32,5.89,11.82,3.42,25.56,5.4,4.49,5.57,7.82,5.22,4.28,8.33,37.92,58.95,45.86,32.51,38.37,32.29,32.92,26.53,45.63,26.83,30.27,24.86,57.77,25.43,17.29,44.93,34.93,30.53,23.61,33.74,13.16,8.64,41.77,17.61,9.2,31.46,39.17,41.49,61.68,65.83,56.08,36.97,36.85,60.16,17.3,46.58,6.87,7.24,5.87,6.13,12.28,8.24,4.86,9.97,14.98,7.76,39.72,7.99,5.89,9.82,14.02,11.43,6.5,12.54,10.66,26.45,9.51,9.88,31.5,12.7,6.75,16.65,22.27,25.32,43.74,14.66,13.09,17.21,44.44,29.49,11.0,22.16,12.07,5.38,6.63,18.22,9.69,27.38,7.16,14.32,6.52,10.82,7.02,5.08,3.83,16.73,21.19,10.89,10.4,11.73,84.81,57.14,137.89,92.32,178.5,141.86,103.45,101.27,94.66,86.84,124.51,95.68,111.96,105.18,80.33,225.84,109.01,104.9
2023-12-31,43.35,,51.26,40.92,38.67,33.39,33.65,31.02,51.24,35.16,41.72,23.23,54.63,28.41,19.49,,39.61,35.3,56.53,,41.24,65.19,39.57,30.41,31.31,50.45,44.63,40.57,59.16,63.62,34.32,65.13,37.77,,46.1,50.04,5.14,,6.52,3.79,4.3,14.92,5.7,5.37,6.88,7.06,6.08,3.11,2.89,6.15,12.89,,5.55,4.62,27.63,,18.4,20.81,46.8,26.41,57.78,39.37,45.96,43.36,52.02,65.68,69.61,38.82,63.17,,32.08,51.58,9.03,,12.53,9.35,7.56,9.23,10.72,15.37,15.51,13.95,11.22,18.11,8.77,14.32,16.77,,11.81,13.72,11.98,,17.56,11.77,12.02,17.2,19.7,23.35,21.25,22.7,14.73,25.13,12.49,19.08,33.6,,17.51,20.27,5.48,,9.55,6.41,7.25,3.05,9.05,8.22,10.36,7.51,5.36,11.93,19.5,5.0,4.28,,7.64,9.17,32.02,,20.1,38.52,24.27,20.26,20.78,34.8,21.76,26.3,34.48,48.84,15.57,46.63,30.41,,27.84,32.37,11.98,,10.23,18.74,26.27,11.95,5.87,18.55,20.69,19.71,39.0,14.97,12.29,15.73,30.23,,11.81,18.54,3.55,,1.6,4.12,3.21,2.2,1.94,2.26,1.4,1.89,3.07,2.7,1.78,3.26,1.81,,2.36,2.36,9.37,,12.02,11.26,4.39,10.11,14.8,21.62,16.22,6.39,13.56,29.31,6.3,16.44,22.59,,12.7,19.12,5.39,,5.03,9.24,5.89,4.37,2.73,8.09,11.09,3.17,19.66,5.63,4.82,5.13,7.94,,5.03,9.12,43.35,,51.26,40.92,38.67,33.39,33.65,31.02,51.24,35.16,41.72,23.23,54.63,28.41,19.49,,39.61,35.3,25.15,,16.33,18.54,40.15,19.97,10.64,36.02,41.78,39.7,46.77,61.54,56.07,36.32,39.27,,20.87,45.16,8.07,,6.9,14.71,11.19,9.66,4.12,12.74,15.06,6.86,33.28,8.25,7.05,9.78,14.31,,7.76,12.9,12.55,,10.72,20.86,29.85,14.03,6.05,19.52,22.12,22.05,41.62,15.8,14.31,16.8,45.01,,12.53,20.26,18.24,,10.47,15.61,13.8,32.76,11.05,12.16,9.65,13.32,18.67,8.38,5.13,20.01,23.38,,13.08,10.9,83.46,,136.44,99.42,159.2,137.25,107.26,108.93,98.69,99.44,96.55,80.02,106.23,101.84,73.82,,110.87,76.26
2024-12-31,,,,,,,,,,,,,,,,,,,,,,,,,,,,,,,,,,,,,,,,,,,,,,,,,,,,,,,,,,,,,,,,,,,,,,,,,,,,,,,,,,,,,,,,,,,,,,,,,,,,,,,,,,,,,,,,,,,,,,,,,,,,,,,,,,,,,,,,,,,,,,,,,,,,,,,,,,,,,,,,,,,,,,,,,,,,,,,,,,,,,,,,,,,,,,,,,,,,,,,,,,,,,,,,,,,,,,,,,,,,,,,,,,,,,,,,,,,,,,,,,,,,,,,,,,,,,,,,,,,,,,,,,,,,,,,,,,,,,,,,,,,,,,,,,,,,,,,,,,,,,,,,,,,,,,,,,,,,,,,,,,,,
