Date,Capital ratio-A Agricult & fishing-Medium-%,Capital ratio-B Mining and quarrying-Medium-%,Capital ratio-C Manufacturing-Medium-%,Capital ratio-D Electricity and gas-Medium-%,Capital ratio-E Water and waste-Medium-%,Capital ratio-F Construction-Medium-%,Capital ratio-G Trade-Medium-%,Capital ratio-H Transport and storage-Medium-%,Capital ratio-I Hotels and similar-Medium-%,Capital ratio-J Information and communication-Medium-%,Capital ratio-L Real estate-Medium-%,Capital ratio-N Administrative activities-Medium-%,Capital ratio-P Education-Medium-%,Capital ratio-Q Health and social-Medium-%,Capital ratio-R Shows and sports-Medium-%,Capital ratio-S Other services-Medium-%,Capital ratio-Medium-%,Capital ratio-M Professional and scientific-Medium-%,Financial debt (% liabilities)-A Agricult & fishing-Medium,Financial debt (% liabilities)-B Mining and quarrying-Medium,Financial debt (% liabilities)-C Manufacturing-Medium,Financial debt (% liabilities)-D Electricity and gas-Medium,Financial debt (% liabilities)-E Water and waste-Medium,Financial debt (% liabilities)-F Construction-Medium,Financial debt (% liabilities)-G Trade-Medium,Financial debt (% liabilities)-H Transport and storage-Medium,Financial debt (% liabilities)-I Hotels and similar-Medium,Financial debt (% liabilities)-J Information and communication-Medium,Financial debt (% liabilities)-L Real estate-Medium,Financial debt (% liabilities)-N Administrative activities-Medium,Financial debt (% liabilities)-P Education-Medium,Financial debt (% liabilities)-Q Health and social-Medium,Financial debt (% liabilities)-R Shows and sports-Medium,Financial debt (% liabilities)-S Other services-Medium,Financial debt (% liabilities)-Medium,Financial debt (% liabilities)-M Professional and scientific-Medium,Cost of financial debt-A Agricult & fishing-Medium-%,Cost of financial debt-B Mining and quarrying-Medium-%,Cost of financial debt-C Manufacturing-Medium-%,Cost of financial debt-D Electricity and gas-Medium-%,Cost of financial debt-E Water and waste-Medium-%,Cost of financial debt-F Construction-Medium-%,Cost of financial debt-G Trade-Medium-%,Cost of financial debt-H Transport and storage-Medium-%,Cost of financial debt-I Hotels and similar-Medium-%,Cost of financial debt-J Information and communication-Medium-%,Cost of financial debt-L Real estate-Medium-%,Cost of financial debt-N Administrative activities-Medium-%,Cost of financial debt-P Education-Medium-%,Cost of financial debt-Q Health and social-Medium-%,Cost of financial debt-R Shows and sports-Medium-%,Cost of financial debt-S Other services-Medium-%,Cost of financial debt-Medium-%,Cost of financial debt-M Professional and scientific-Medium-%,GVA (% output)-A Agricult & fishing-Medium,GVA (% output)-B Mining and quarrying-Medium,GVA (% output)-C Manufacturing-Medium,GVA (% output)-D Electricity and gas-Medium,GVA (% output)-E Water and waste-Medium,GVA (% output)-F Construction-Medium,GVA (% output)-G Trade-Medium,GVA (% output)-H Transport and storage-Medium,GVA (% output)-I Hotels and similar-Medium,GVA (% output)-J Information and communication-Medium,GVA (% output)-L Real estate-Medium,GVA (% output)-N Administrative activities-Medium,GVA (% output)-P Education-Medium,GVA (% output)-Q Health and social-Medium,GVA (% output)-R Shows and sports-Medium,GVA (% output)-S Other services-Medium,GVA (% output)-Medium,GVA (% output)-M Professional and scientific-Medium,Return on assets-A Agricult & fishing-Medium-%,Return on assets-B Mining and quarrying-Medium-%,Return on assets-C Manufacturing-Medium-%,Return on assets-D Electricity and gas-Medium-%,Return on assets-E Water and waste-Medium-%,Return on assets-F Construction-Medium-%,Return on assets-G Trade-Medium-%,Return on assets-H Transport and storage-Medium-%,Return on assets-I Hotels and similar-Medium-%,Return on assets-J Information and communication-Medium-%,Return on assets-L Real estate-Medium-%,Return on assets-N Administrative activities-Medium-%,Return on assets-P Education-Medium-%,Return on assets-Q Health and social-Medium-%,Return on assets-R Shows and sports-Medium-%,Return on assets-S Other services-Medium-%,Return on assets-Medium-%,Return on assets-M Professional and scientific-Medium-%,EBITDA / invested capital-A Agricult & fishing-Medium-%,EBITDA / invested capital-B Mining and quarrying-Medium-%,EBITDA / invested capital-C Manufacturing-Medium-%,EBITDA / invested capital-D Electricity and gas-Medium-%,EBITDA / invested capital-E Water and waste-Medium-%,EBITDA / invested capital-F Construction-Medium-%,EBITDA / invested capital-G Trade-Medium-%,EBITDA / invested capital-H Transport and storage-Medium-%,EBITDA / invested capital-I Hotels and similar-Medium-%,EBITDA / invested capital-J Information and communication-Medium-%,EBITDA / invested capital-L Real estate-Medium-%,EBITDA / invested capital-N Administrative activities-Medium-%,EBITDA / invested capital-P Education-Medium-%,EBITDA / invested capital-Q Health and social-Medium-%,EBITDA / invested capital-R Shows and sports-Medium-%,EBITDA / invested capital-S Other services-Medium-%,EBITDA / invested capital-Medium-%,EBITDA / invested capital-M Professional and scientific-Medium-%,Financing expenses coverage ratio-A Agricult & fishing-Medium,Financing expenses coverage ratio-B Mining and quarrying-Medium,Financing expenses coverage ratio-C Manufacturing-Medium,Financing expenses coverage ratio-D Electricity and gas-Medium,Financing expenses coverage ratio-E Water and waste-Medium,Financing expenses coverage ratio-F Construction-Medium,Financing expenses coverage ratio-G Trade-Medium,Financing expenses coverage ratio-H Transport and storage-Medium,Financing expenses coverage ratio-I Hotels and similar-Medium,Financing expenses coverage ratio-J Information and communication-Medium,Financing expenses coverage ratio-L Real estate-Medium,Financing expenses coverage ratio-N Administrative activities-Medium,Financing expenses coverage ratio-P Education-Medium,Financing expenses coverage ratio-Q Health and social-Medium,Financing expenses coverage ratio-R Shows and sports-Medium,Financing expenses coverage ratio-S Other services-Medium,Financing expenses coverage ratio-Medium,Financing expenses coverage ratio-M Professional and scientific-Medium,Financial debt (% assets)-A Agricult & fishing-Medium,Financial debt (% assets)-B Mining and quarrying-Medium,Financial debt (% assets)-C Manufacturing-Medium,Financial debt (% assets)-D Electricity and gas-Medium,Financial debt (% assets)-E Water and waste-Medium,Financial debt (% assets)-F Construction-Medium,Financial debt (% assets)-G Trade-Medium,Financial debt (% assets)-H Transport and storage-Medium,Financial debt (% assets)-I Hotels and similar-Medium,Financial debt (% assets)-J Information and communication-Medium,Financial debt (% assets)-L Real estate-Medium,Financial debt (% assets)-N Administrative activities-Medium,Financial debt (% assets)-P Education-Medium,Financial debt (% assets)-Q Health and social-Medium,Financial debt (% assets)-R Shows and sports-Medium,Financial debt (% assets)-S Other services-Medium,Financial debt (% assets)-Medium,Financial debt (% assets)-M Professional and scientific-Medium,EBITDA margin (% income)-A Agricult & fishing-Medium,EBITDA margin (% income)-B Mining and quarrying-Medium,EBITDA margin (% income)-C Manufacturing-Medium,EBITDA margin (% income)-D Electricity and gas-Medium,EBITDA margin (% income)-E Water and waste-Medium,EBITDA margin (% income)-F Construction-Medium,EBITDA margin (% income)-G Trade-Medium,EBITDA margin (% income)-H Transport and storage-Medium,EBITDA margin (% income)-I Hotels and similar-Medium,EBITDA margin (% income)-J Information and communication-Medium,EBITDA margin (% income)-L Real estate-Medium,EBITDA margin (% income)-N Administrative activities-Medium,EBITDA margin (% income)-P Education-Medium,EBITDA margin (% income)-Q Health and social-Medium,EBITDA margin (% income)-R Shows and sports-Medium,EBITDA margin (% income)-S Other services-Medium,EBITDA margin (% income)-Medium,EBITDA margin (% income)-M Professional and scientific-Medium,Financial debt over EBITDA-A Agricult & fishing-Medium,Financial debt over EBITDA-B Mining and quarrying-Medium,Financial debt over EBITDA-C Manufacturing-Medium,Financial debt over EBITDA-D Electricity and gas-Medium,Financial debt over EBITDA-E Water and waste-Medium,Financial debt over EBITDA-F Construction-Medium,Financial debt over EBITDA-G Trade-Medium,Financial debt over EBITDA-H Transport and storage-Medium,Financial debt over EBITDA-I Hotels and similar-Medium,Financial debt over EBITDA-J Information and communication-Medium,Financial debt over EBITDA-L Real estate-Medium,Financial debt over EBITDA-N Administrative activities-Medium,Financial debt over EBITDA-P Education-Medium,Financial debt over EBITDA-Q Health and social-Medium,Financial debt over EBITDA-R Shows and sports-Medium,Financial debt over EBITDA-S Other services-Medium,Financial debt over EBITDA-Medium,Financial debt over EBITDA-M Professional and scientific-Medium,Return on equity-A Agricult & fishing-Medium-%,Return on equity-B Mining and quarrying-Medium-%,Return on equity-C Manufacturing-Medium-%,Return on equity-D Electricity and gas-Medium-%,Return on equity-E Water and waste-Medium-%,Return on equity-F Construction-Medium-%,Return on equity-G Trade-Medium-%,Return on equity-H Transport and storage-Medium-%,Return on equity-I Hotels and similar-Medium-%,Return on equity-J Information and communication-Medium-%,Return on equity-L Real estate-Medium-%,Return on equity-N Administrative activities-Medium-%,Return on equity-P Education-Medium-%,Return on equity-Q Health and social-Medium-%,Return on equity-R Shows and sports-Medium-%,Return on equity-S Other services-Medium-%,Return on equity-Medium-%,Return on equity-M Professional and scientific-Medium-%,Net income (% income)-A Agricult & fishing-Medium,Net income (% income)-B Mining and quarrying-Medium,Net income (% income)-C Manufacturing-Medium,Net income (% income)-D Electricity and gas-Medium,Net income (% income)-E Water and waste-Medium,Net income (% income)-F Construction-Medium,Net income (% income)-G Trade-Medium,Net income (% income)-H Transport and storage-Medium,Net income (% income)-I Hotels and similar-Medium,Net income (% income)-J Information and communication-Medium,Net income (% income)-L Real estate-Medium,Net income (% income)-N Administrative activities-Medium,Net income (% income)-P Education-Medium,Net income (% income)-Q Health and social-Medium,Net income (% income)-R Shows and sports-Medium,Net income (% income)-S Other services-Medium,Net income (% income)-Medium,Net income (% income)-M Professional and scientific-Medium,Equity (% assets)-A Agricult & fishing-Medium,Equity (% assets)-B Mining and quarrying-Medium,Equity (% assets)-C Manufacturing-Medium,Equity (% assets)-D Electricity and gas-Medium,Equity (% assets)-E Water and waste-Medium,Equity (% assets)-F Construction-Medium,Equity (% assets)-G Trade-Medium,Equity (% assets)-H Transport and storage-Medium,Equity (% assets)-I Hotels and similar-Medium,Equity (% assets)-J Information and communication-Medium,Equity (% assets)-L Real estate-Medium,Equity (% assets)-N Administrative activities-Medium,Equity (% assets)-P Education-Medium,Equity (% assets)-Q Health and social-Medium,Equity (% assets)-R Shows and sports-Medium,Equity (% assets)-S Other services-Medium,Equity (% assets)-Medium,Equity (% assets)-M Professional and scientific-Medium,Gross profit (% income)-A Agricult & fishing-Medium,Gross profit (% income)-B Mining and quarrying-Medium,Gross profit (% income)-C Manufacturing-Medium,Gross profit (% income)-D Electricity and gas-Medium,Gross profit (% income)-E Water and waste-Medium,Gross profit (% income)-F Construction-Medium,Gross profit (% income)-G Trade-Medium,Gross profit (% income)-H Transport and storage-Medium,Gross profit (% income)-I Hotels and similar-Medium,Gross profit (% income)-J Information and communication-Medium,Gross profit (% income)-L Real estate-Medium,Gross profit (% income)-N Administrative activities-Medium,Gross profit (% income)-P Education-Medium,Gross profit (% income)-Q Health and social-Medium,Gross profit (% income)-R Shows and sports-Medium,Gross profit (% income)-S Other services-Medium,Gross profit (% income)-Medium,Gross profit (% income)-M Professional and scientific-Medium,EBIT margin (% income)-A Agricult & fishing-Medium,EBIT margin (% income)-B Mining and quarrying-Medium,EBIT margin (% income)-C Manufacturing-Medium,EBIT margin (% income)-D Electricity and gas-Medium,EBIT margin (% income)-E Water and waste-Medium,EBIT margin (% income)-F Construction-Medium,EBIT margin (% income)-G Trade-Medium,EBIT margin (% income)-H Transport and storage-Medium,EBIT margin (% income)-I Hotels and similar-Medium,EBIT margin (% income)-J Information and communication-Medium,EBIT margin (% income)-L Real estate-Medium,EBIT margin (% income)-N Administrative activities-Medium,EBIT margin (% income)-P Education-Medium,EBIT margin (% income)-Q Health and social-Medium,EBIT margin (% income)-R Shows and sports-Medium,EBIT margin (% income)-S Other services-Medium,EBIT margin (% income)-Medium,EBIT margin (% income)-M Professional and scientific-Medium,EBITDA (% turnover )-A Agricult & fishing-Medium,EBITDA (% turnover )-B Mining and quarrying-Medium,EBITDA (% turnover )-C Manufacturing-Medium,EBITDA (% turnover )-D Electricity and gas-Medium,EBITDA (% turnover )-E Water and waste-Medium,EBITDA (% turnover )-F Construction-Medium,EBITDA (% turnover )-G Trade-Medium,EBITDA (% turnover )-H Transport and storage-Medium,EBITDA (% turnover )-I Hotels and similar-Medium,EBITDA (% turnover )-J Information and communication-Medium,EBITDA (% turnover )-L Real estate-Medium,EBITDA (% turnover )-N Administrative activities-Medium,EBITDA (% turnover )-P Education-Medium,EBITDA (% turnover )-Q Health and social-Medium,EBITDA (% turnover )-R Shows and sports-Medium,EBITDA (% turnover )-S Other services-Medium,EBITDA (% turnover )-Medium,EBITDA (% turnover )-M Professional and scientific-Medium,Financial pressure-A Agricult & fishing-Medium-%,Financial pressure-B Mining and quarrying-Medium-%,Financial pressure-C Manufacturing-Medium-%,Financial pressure-D Electricity and gas-Medium-%,Financial pressure-E Water and waste-Medium-%,Financial pressure-F Construction-Medium-%,Financial pressure-G Trade-Medium-%,Financial pressure-H Transport and storage-Medium-%,Financial pressure-I Hotels and similar-Medium-%,Financial pressure-J Information and communication-Medium-%,Financial pressure-L Real estate-Medium-%,Financial pressure-N Administrative activities-Medium-%,Financial pressure-P Education-Medium-%,Financial pressure-Q Health and social-Medium-%,Financial pressure-R Shows and sports-Medium-%,Financial pressure-S Other services-Medium-%,Financial pressure-Medium-%,Financial pressure-M Professional and scientific-Medium-%,Current ratio-A Agricult & fishing-Medium-%,Current ratio-B Mining and quarrying-Medium-%,Current ratio-C Manufacturing-Medium-%,Current ratio-D Electricity and gas-Medium-%,Current ratio-E Water and waste-Medium-%,Current ratio-F Construction-Medium-%,Current ratio-G Trade-Medium-%,Current ratio-H Transport and storage-Medium-%,Current ratio-I Hotels and similar-Medium-%,Current ratio-J Information and communication-Medium-%,Current ratio-L Real estate-Medium-%,Current ratio-N Administrative activities-Medium-%,Current ratio-P Education-Medium-%,Current ratio-Q Health and social-Medium-%,Current ratio-R Shows and sports-Medium-%,Current ratio-S Other services-Medium-%,Current ratio-Medium-%,Current ratio-M Professional and scientific-Medium-%
2006-12-31,,,36.49,12.82,20.96,23.24,29.79,32.24,38.32,31.99,27.35,11.5,28.92,23.49,24.22,,29.64,23.01,,,45.41,71.66,38.14,54.41,35.31,69.47,61.28,32.19,76.34,56.47,42.19,46.35,56.73,,50.94,42.82,,,5.66,4.34,4.5,5.83,5.97,4.28,4.03,4.61,4.23,4.78,6.65,3.35,5.53,,5.07,3.99,,,25.33,33.71,38.77,27.01,53.41,37.23,46.66,35.92,37.99,36.43,73.1,34.65,52.79,,32.3,24.13,,,8.35,11.74,6.45,7.19,7.78,7.84,4.34,9.38,6.93,15.25,11.22,11.05,11.55,,8.01,8.65,,,12.78,15.6,12.62,11.06,14.25,9.89,5.7,17.41,8.37,24.8,19.05,18.74,17.18,,12.23,15.45,,,5.11,4.33,4.76,2.95,5.25,3.89,2.85,9.29,2.95,6.38,5.62,9.29,4.85,,4.41,6.57,,,28.84,62.47,30.15,41.77,24.79,47.07,37.8,21.89,55.46,49.98,29.99,35.46,42.99,,35.84,32.97,,,8.06,28.59,24.96,10.6,4.32,19.83,12.28,8.79,30.14,16.92,11.45,12.73,25.03,,9.07,6.83,,,3.45,5.32,4.67,5.81,3.19,6.0,8.72,2.33,8.0,3.28,2.67,3.21,3.72,,4.47,3.81,,,2.79,25.5,3.04,8.53,9.04,4.61,-3.11,7.59,9.33,7.56,10.05,14.1,8.43,,5.61,15.78,,,0.98,7.96,2.47,2.92,1.5,3.76,-3.37,2.27,11.09,0.96,2.96,3.82,4.42,,1.88,2.87,,,36.49,12.82,20.96,23.24,29.79,32.24,38.32,31.99,27.35,11.5,28.92,23.49,24.22,,29.64,23.01,,,23.28,29.44,31.34,28.19,10.52,32.7,43.01,31.34,41.0,34.01,41.96,30.39,28.91,,21.36,21.41,,,3.41,17.19,8.72,7.78,2.95,10.18,1.5,4.61,24.95,4.26,5.72,7.16,10.14,,4.87,4.88,,,8.39,31.46,28.84,10.82,4.47,21.46,13.18,9.39,30.48,17.88,17.09,13.73,37.61,,9.51,7.31,,,19.56,23.08,21.02,33.85,19.04,25.7,35.14,10.76,33.86,15.69,17.78,10.77,20.6,,22.67,15.22,,,126.8,47.2,44.05,142.44,122.52,113.85,105.65,130.18,96.63,67.4,74.63,92.08,79.26,,113.2,110.18
2007-12-31,,,35.92,14.6,19.25,22.72,30.76,26.52,35.05,32.24,26.36,0.19,27.65,19.31,20.86,,28.37,27.91,,,46.1,80.37,39.24,58.04,36.05,67.66,59.57,27.15,75.13,55.95,47.33,51.39,54.88,,51.34,33.5,,,6.42,4.79,4.88,5.95,6.93,4.52,5.0,6.83,4.49,4.49,5.54,3.43,5.08,,5.53,5.18,,,24.92,38.27,39.73,27.86,52.68,34.38,46.5,35.24,35.69,36.21,72.78,34.21,52.99,,32.13,27.12,,,9.36,12.69,6.5,6.76,10.16,8.44,6.01,10.1,7.06,13.48,9.12,8.55,9.8,,8.72,11.54,,,14.3,15.24,12.76,10.01,18.24,11.08,8.14,19.94,8.64,24.05,14.74,14.06,15.24,,13.38,22.16,,,4.94,3.86,4.2,2.54,5.88,3.76,3.1,8.04,2.84,5.37,4.81,6.01,4.44,,4.29,9.22,,,29.54,68.64,31.69,44.85,24.96,49.72,38.69,18.39,55.33,55.84,34.24,41.47,43.43,,36.77,24.15,,,8.84,35.97,26.98,9.99,5.79,19.67,15.13,9.64,30.3,12.45,9.83,11.62,21.99,,9.84,8.64,,,3.16,5.41,4.88,6.63,2.46,5.89,6.44,1.82,7.83,4.14,3.75,4.85,4.43,,4.22,2.09,,,5.08,22.63,3.28,7.4,16.36,7.1,-0.64,5.81,11.12,577.07,3.33,6.59,3.8,,8.15,18.71,,,1.72,9.36,2.62,2.48,2.87,4.38,-0.56,1.79,12.58,1.03,0.99,1.73,1.78,,2.61,3.91,,,35.92,14.6,19.25,22.72,30.76,26.52,35.05,32.24,26.36,0.19,27.65,19.31,20.86,,28.37,27.91,,,22.99,36.14,30.78,26.64,10.01,30.28,41.4,31.02,33.53,33.74,45.36,30.54,30.07,,20.87,24.56,,,4.43,21.57,10.39,7.45,4.5,10.9,5.2,4.53,25.79,4.03,3.84,5.39,8.11,,5.84,5.99,,,9.19,38.02,31.72,10.47,6.1,21.2,16.4,10.32,32.73,13.11,13.71,12.36,31.42,,10.41,9.19,,,20.25,25.9,23.81,39.43,17.02,26.61,32.24,12.44,35.17,18.61,20.79,16.64,22.5,,23.33,10.84,,,126.09,54.85,41.55,148.86,122.67,99.82,74.08,113.04,148.7,72.73,86.91,67.23,74.08,,112.72,120.34
2008-12-31,33.45,,36.74,17.18,17.52,20.73,27.56,30.02,34.83,29.29,26.62,12.54,30.14,17.05,18.92,,27.7,26.45,43.37,,46.48,72.0,43.9,55.07,35.24,62.1,59.05,32.17,73.84,63.76,50.71,57.1,61.81,,50.87,36.38,6.07,,7.3,5.59,5.0,6.64,7.73,5.64,6.3,8.83,5.97,5.52,6.42,5.65,5.29,,6.44,5.56,19.5,,25.04,29.4,38.17,26.9,51.7,31.59,44.79,34.04,38.62,36.8,72.42,32.87,51.58,,31.63,28.09,4.89,,8.12,12.47,6.39,2.75,7.34,8.46,4.58,12.63,6.56,13.81,12.19,7.39,5.68,,7.28,11.17,7.85,,12.28,16.23,11.9,4.27,13.82,11.51,6.25,24.26,8.11,20.23,18.59,11.47,8.23,,11.3,20.99,2.79,,3.79,3.74,3.53,0.95,3.72,3.45,1.89,6.29,2.03,4.49,5.36,2.76,2.14,,3.08,7.51,28.86,,29.4,59.63,36.21,43.65,25.53,43.46,38.48,22.75,54.19,55.76,35.43,47.37,50.12,,36.77,26.76,7.14,,7.93,26.48,25.19,4.34,4.24,17.45,12.43,10.45,30.48,14.01,12.2,10.03,14.97,,8.35,8.86,5.9,,3.62,4.78,5.66,15.87,3.48,5.14,8.4,1.8,8.27,4.04,2.91,6.41,8.82,,5.05,2.4,-2.02,,1.75,18.59,2.22,-9.51,6.8,3.63,-5.24,15.8,4.51,11.28,10.51,-6.37,-21.27,,2.25,20.79,-0.99,,0.63,6.78,1.53,-3.11,1.08,2.25,-4.95,3.83,5.58,1.43,3.17,-1.47,-10.6,,0.72,4.36,33.45,,36.74,17.18,17.52,20.73,27.56,30.02,34.83,29.29,26.62,12.54,30.14,17.05,18.92,,27.7,26.45,11.94,,23.02,25.91,30.16,26.4,10.06,27.35,39.27,28.46,34.94,33.86,46.61,28.33,27.57,,20.6,24.45,1.95,,3.56,16.31,9.7,1.63,2.88,8.65,1.99,6.67,22.66,5.4,6.58,3.71,-2.8,,4.22,6.39,8.14,,8.27,28.61,29.29,4.5,4.4,18.98,13.48,11.72,33.14,15.01,16.66,11.01,21.23,,8.83,9.61,35.82,,26.41,26.72,28.31,105.34,26.88,28.99,52.99,15.91,49.35,22.28,18.67,36.23,46.62,,32.5,13.32,112.91,,129.7,55.28,41.02,127.36,118.95,95.58,68.34,120.69,138.74,88.95,87.74,68.97,69.1,,108.83,115.58
2009-12-31,50.23,,36.88,14.01,17.09,18.22,31.29,34.66,36.18,34.43,21.56,13.27,31.81,24.47,18.81,,28.31,26.93,44.37,,49.32,75.43,45.27,56.84,36.9,55.66,58.24,37.26,78.36,59.44,50.23,58.93,61.61,,52.95,46.18,5.44,,5.11,4.71,3.57,4.5,5.46,4.47,4.34,3.81,4.51,4.31,4.97,4.5,4.05,,4.67,5.1,20.85,,25.66,33.51,46.93,24.78,51.24,32.73,44.74,36.42,38.81,37.54,71.65,35.26,48.26,,32.58,30.45,5.33,,6.61,11.37,5.99,4.5,6.75,8.59,3.32,12.98,6.61,11.61,10.35,8.42,4.56,,6.9,10.4,7.37,,9.72,14.41,10.98,6.96,11.91,12.1,4.53,22.05,7.96,17.9,15.67,12.21,6.63,,10.42,17.15,4.44,,4.15,3.72,4.47,2.15,4.88,5.28,2.06,13.95,2.39,5.23,6.09,4.2,2.26,,3.89,6.05,22.08,,31.13,64.87,37.53,46.49,25.35,36.36,37.17,24.43,61.47,51.55,34.25,44.51,50.02,,37.96,33.74,10.47,,7.18,29.58,28.91,7.57,4.16,17.26,10.43,13.21,32.51,11.58,10.67,12.77,14.45,,8.81,10.47,4.14,,4.71,5.71,6.26,10.33,3.76,4.23,11.19,1.88,9.3,4.44,3.31,5.29,10.96,,5.5,3.24,2.77,,-0.68,18.73,2.53,1.74,6.38,3.9,-5.79,16.7,8.08,0.85,5.77,0.64,-17.22,,3.06,17.01,2.73,,-0.27,6.83,2.08,0.53,1.23,2.72,-6.57,5.85,8.57,0.11,1.89,0.24,-10.26,,1.11,4.61,50.23,,36.88,14.01,17.09,18.22,31.29,34.66,36.18,34.43,21.56,13.27,31.81,24.47,18.81,,28.31,26.93,16.17,,24.2,32.43,37.61,24.66,10.81,28.79,41.57,29.73,45.36,35.48,44.16,30.98,24.03,,21.97,27.67,5.34,,2.21,16.84,9.74,4.87,2.76,7.29,-1.06,8.71,25.24,3.11,4.82,4.59,-3.67,,4.27,7.66,11.57,,7.44,30.8,33.96,7.86,4.32,18.62,11.04,14.94,32.43,12.15,14.97,13.71,20.43,,9.25,11.06,22.54,,24.09,26.89,22.36,46.47,20.51,18.92,48.61,7.17,41.91,19.12,16.43,23.81,44.35,,25.68,16.54,147.31,,129.86,79.53,41.37,131.38,124.69,106.21,68.44,125.96,114.31,96.74,79.54,65.94,66.78,,112.79,131.08
2010-12-31,44.77,,35.6,12.47,17.27,23.01,30.88,27.87,35.12,27.77,22.77,25.61,31.55,25.37,20.48,,28.27,27.9,44.48,,52.12,77.25,43.97,56.26,40.59,77.91,65.68,42.0,81.22,61.45,49.59,69.36,58.68,,57.84,46.16,5.24,,4.79,6.12,3.91,5.19,5.92,3.46,3.49,4.19,4.29,4.84,5.07,3.19,6.01,,4.66,5.18,21.15,,25.21,39.61,40.61,24.98,52.19,34.61,43.16,37.3,32.21,41.83,70.99,33.81,44.39,,32.68,32.62,4.44,,7.36,12.36,6.21,5.7,7.65,6.92,2.33,9.94,4.68,11.66,8.78,7.12,5.27,,7.1,10.06,6.41,,10.64,15.44,11.58,8.6,12.99,8.23,3.0,17.1,5.47,16.35,13.4,9.23,7.85,,10.18,16.45,3.45,,4.57,2.99,4.37,2.54,4.61,3.56,1.57,7.82,1.74,5.27,5.1,4.31,1.88,,3.67,5.84,24.57,,33.57,67.62,36.38,43.31,28.05,56.2,42.61,30.34,62.72,45.71,33.94,51.76,46.66,,41.49,33.28,8.64,,8.0,39.91,26.54,8.82,4.37,23.1,7.69,11.44,25.4,14.42,11.13,11.44,19.36,,9.42,11.28,5.53,,4.56,5.47,5.85,7.6,3.67,8.12,18.27,3.05,13.41,3.92,3.87,7.27,8.85,,5.84,3.31,1.33,,2.4,25.78,4.76,5.69,8.4,4.35,-7.26,11.36,1.72,6.39,5.68,2.48,-11.29,,4.39,16.64,1.15,,0.93,10.38,3.51,2.02,1.48,4.05,-8.41,3.63,2.13,2.02,2.27,1.01,-8.49,,1.65,5.2,44.77,,35.6,12.47,17.27,23.01,30.88,27.87,35.12,27.77,22.77,25.61,31.55,25.37,20.48,,28.27,27.9,11.93,,23.21,36.45,34.99,25.58,10.63,29.02,40.64,32.1,23.91,38.72,41.88,28.94,30.13,,21.34,28.99,3.83,,3.56,27.18,10.69,6.39,3.13,12.46,-3.32,6.42,17.31,5.89,5.62,4.4,1.7,,5.15,8.57,9.79,,8.31,43.04,29.74,9.19,4.51,26.13,8.07,12.53,30.75,15.38,15.88,12.52,26.27,,9.94,12.01,28.96,,21.87,33.47,22.89,39.4,21.71,28.07,63.77,12.79,57.59,18.98,19.62,23.19,53.17,,27.26,17.12,103.04,,128.36,91.94,67.0,134.14,130.68,183.48,62.1,138.94,108.93,92.96,86.43,69.6,43.0,,122.79,114.38
2011-12-31,42.25,,35.84,7.39,17.41,22.05,30.48,26.56,31.28,25.35,,15.29,32.87,25.65,14.78,,26.64,26.83,47.6,,52.99,81.78,44.19,56.23,42.88,73.51,66.19,44.45,,73.47,48.73,64.4,59.28,,58.27,49.09,6.0,,5.3,5.97,5.15,6.32,6.24,5.79,4.65,4.97,,4.6,4.99,5.41,6.82,,5.6,6.31,17.25,,23.11,39.44,37.6,24.34,51.38,32.39,42.58,40.0,,45.55,70.0,33.4,49.51,,31.47,32.48,4.06,,6.33,11.86,7.12,2.28,4.91,9.34,1.36,7.32,,8.37,8.44,5.44,4.41,,6.01,9.03,5.83,,9.07,14.26,13.21,3.46,8.14,11.59,1.77,12.51,,10.79,12.86,7.39,6.75,,8.66,14.39,2.46,,3.51,2.62,3.79,0.82,2.64,2.99,0.64,4.44,,2.92,5.16,2.1,1.28,,2.51,3.99,27.49,,34.0,75.73,36.5,43.83,29.81,53.99,45.48,33.18,,62.23,32.72,47.88,50.52,,42.75,35.92,6.63,,6.52,41.55,26.86,3.67,2.87,21.98,4.57,8.74,,13.89,10.36,8.17,14.92,,7.76,10.97,6.76,,5.37,6.39,5.13,19.24,6.07,5.78,33.38,4.53,,7.44,3.88,8.81,11.46,,7.12,3.98,-1.67,,0.05,35.91,6.05,-11.02,-0.29,6.82,-11.65,-0.09,,-5.68,4.43,-9.4,-36.24,,-1.03,12.91,-1.15,,0.02,9.3,3.97,-3.91,-0.05,4.27,-12.22,-0.03,,-1.44,1.79,-3.62,-18.12,,-0.35,4.21,42.25,,35.84,7.39,17.41,22.05,30.48,26.56,31.28,25.35,,15.29,32.87,25.65,14.78,,26.64,26.83,8.43,,21.24,34.79,31.36,22.62,10.09,26.17,35.91,35.03,,41.27,43.01,28.9,30.48,,20.4,28.94,1.79,,2.63,28.39,12.41,1.15,1.6,13.69,-5.87,3.33,,4.33,4.92,0.98,-5.64,,3.55,8.49,7.73,,6.76,46.67,30.37,3.9,2.96,25.33,5.05,9.44,,15.2,14.4,8.85,20.41,,8.22,11.72,40.6,,28.48,38.11,26.42,121.61,37.86,33.48,155.11,22.51,,34.25,19.37,47.63,78.19,,39.89,25.09,91.44,,124.74,72.33,69.51,123.55,127.74,233.84,61.79,135.38,,80.61,84.05,74.75,46.24,,116.99,122.91
2012-12-31,42.02,,36.78,6.46,18.93,23.62,30.0,22.24,35.44,29.89,15.67,14.65,32.83,21.33,18.47,,26.78,31.31,44.64,,51.62,82.24,45.27,60.84,40.99,74.56,62.52,41.54,83.61,72.98,48.37,66.32,64.94,,59.08,50.59,6.08,,6.02,5.99,5.33,7.15,6.67,5.61,4.74,5.71,4.52,4.99,4.89,4.89,6.08,,5.86,6.52,19.01,,23.58,48.14,38.66,24.87,49.76,32.95,43.04,40.88,38.82,43.39,69.8,32.32,48.69,,32.13,37.91,5.61,,6.48,11.97,7.39,2.3,3.94,5.27,2.19,7.11,1.78,7.2,8.0,3.1,5.54,,5.45,7.39,8.27,,9.34,14.35,13.28,3.28,6.72,6.56,2.89,12.04,2.07,9.36,12.24,4.22,7.76,,7.78,11.19,3.57,,3.3,2.6,3.78,0.69,2.06,1.62,1.15,4.27,0.56,2.32,5.03,1.22,1.72,,2.15,3.26,25.88,,32.63,76.93,36.7,46.47,28.69,57.98,40.36,29.12,70.51,62.29,32.49,52.17,52.94,,43.26,34.75,8.36,,6.66,49.23,28.81,4.54,2.26,13.03,7.93,9.62,12.08,11.93,10.37,4.4,17.62,,7.38,11.41,4.61,,5.03,6.43,4.97,20.23,7.27,11.01,18.39,4.1,39.62,8.65,4.06,16.82,9.55,,7.94,4.7,1.1,,-0.17,38.42,5.78,-11.86,-4.07,-10.43,-8.22,2.04,-21.55,-7.56,4.12,-23.3,-13.89,,-3.4,7.33,0.69,,-0.06,10.21,4.27,-5.54,-0.7,-5.74,-10.53,0.83,-22.92,-1.84,1.75,-7.04,-8.15,,-1.23,3.54,42.02,,36.78,6.46,18.93,23.62,30.0,22.24,35.44,29.89,15.67,14.65,32.83,21.33,18.47,,26.78,31.31,13.92,,21.99,42.65,32.86,23.0,9.55,26.19,39.35,35.5,36.78,39.22,42.54,27.95,29.87,,20.81,33.64,3.51,,2.72,32.88,13.08,1.71,1.03,4.62,-3.62,4.23,-0.89,3.91,4.95,-2.49,2.53,,3.1,8.81,9.35,,6.9,55.54,32.55,5.05,2.32,15.29,8.51,10.44,12.85,13.01,14.46,4.7,25.51,,7.84,12.31,28.01,,30.33,38.53,26.48,144.71,48.54,61.74,87.15,23.42,179.24,43.19,19.87,82.19,58.1,,46.51,30.64,95.27,,128.9,91.6,74.95,128.98,129.38,198.99,62.92,134.01,109.65,76.58,88.07,71.15,50.61,,122.6,156.19
2013-12-31,46.63,,39.46,10.55,20.73,31.69,36.04,23.81,34.58,32.55,,22.51,34.68,28.86,18.41,,30.2,32.08,48.12,,50.62,82.99,45.56,57.07,42.78,70.32,63.15,31.67,,68.02,49.11,59.89,65.23,,57.57,60.78,6.36,,5.72,5.98,5.48,5.83,6.15,6.32,3.65,6.54,,5.21,5.23,5.02,4.96,,5.54,4.34,15.57,,24.11,55.24,41.1,29.64,52.17,31.57,43.82,40.36,,42.15,69.29,34.52,55.61,,33.19,37.48,3.57,,7.76,13.63,7.03,3.16,5.82,9.16,2.57,7.57,,8.28,7.29,9.69,5.67,,6.56,4.02,4.94,,11.07,16.07,12.36,4.47,9.17,11.83,3.39,14.04,,11.01,10.92,13.56,7.91,,9.32,5.47,2.18,,4.42,3.07,3.55,1.39,3.46,2.71,1.71,5.42,,3.02,4.35,4.53,2.15,,2.94,2.24,25.68,,30.65,74.23,36.11,38.99,27.36,53.57,41.31,21.36,,52.7,32.08,42.61,53.22,,40.19,41.28,6.05,,7.92,53.41,27.82,6.37,3.75,21.61,8.95,9.24,,13.56,8.98,12.39,16.95,,8.95,7.06,7.2,,3.95,5.45,5.14,12.35,4.7,5.85,16.05,2.82,,6.36,4.4,4.4,9.39,,6.13,10.28,-1.65,,3.95,36.12,2.79,-0.35,3.96,6.62,-6.22,3.35,,6.68,1.83,3.72,-18.45,,2.34,-0.94,-1.3,,1.59,14.94,2.29,-0.22,0.92,3.72,-7.48,1.33,,2.46,0.78,1.37,-10.16,,0.96,-0.53,46.63,,39.46,10.55,20.73,31.69,36.04,23.81,34.58,32.55,,22.51,34.68,28.86,18.41,,30.2,32.08,10.56,,22.47,49.97,34.78,28.71,9.87,26.23,39.63,35.93,,37.58,44.07,30.14,38.67,,21.64,32.53,1.24,,4.05,37.16,11.39,3.55,2.58,13.83,-1.84,4.18,,7.89,3.9,5.66,-0.97,,4.8,4.57,6.56,,8.19,58.92,31.65,6.87,3.88,24.51,9.63,9.85,,15.0,12.16,13.27,21.9,,9.47,7.86,45.79,,22.6,32.57,28.16,71.95,28.92,36.97,58.64,18.45,,33.16,23.0,22.08,46.6,,33.97,44.6,106.6,,133.27,134.65,86.0,117.74,129.77,189.87,60.05,118.19,,83.92,88.3,87.31,71.15,,125.29,208.39
2014-12-31,40.88,,40.09,9.39,20.27,36.52,33.97,22.38,34.24,33.15,,22.51,37.17,26.63,29.9,,30.61,26.65,49.9,,51.41,82.05,46.39,56.59,42.05,73.07,66.03,27.87,,62.41,46.89,60.26,57.25,,57.86,54.32,5.72,,5.49,5.88,4.59,5.57,6.02,5.6,3.64,7.88,,5.17,4.64,4.86,4.01,,5.15,3.26,20.49,,24.25,56.6,42.93,30.56,52.89,31.69,44.04,40.89,,45.9,68.14,34.75,56.36,,33.4,35.02,4.04,,8.34,13.15,7.56,4.28,7.45,9.24,4.67,9.49,,7.32,7.45,9.27,7.89,,7.54,4.51,5.74,,11.76,15.7,13.19,5.91,12.07,11.68,6.01,18.34,,10.32,11.18,13.09,11.26,,10.66,6.79,2.39,,4.94,3.01,4.45,2.14,4.46,2.91,2.95,6.47,,2.93,5.45,4.32,4.91,,3.65,3.48,29.5,,30.8,74.34,36.99,35.92,27.76,56.71,43.42,18.63,,48.37,29.46,44.21,40.13,,40.15,39.85,7.12,,8.38,52.66,29.98,8.57,4.61,21.47,14.39,11.08,,12.07,10.15,11.75,25.75,,10.03,8.02,7.31,,3.69,5.66,4.9,8.39,3.72,6.14,9.3,1.96,,6.61,3.95,4.77,5.09,,5.32,8.83,-2.0,,5.28,35.19,6.81,0.85,8.61,10.47,-1.01,5.52,,3.92,3.92,2.83,6.36,,5.69,4.08,-1.44,,2.13,13.24,5.47,0.62,1.81,5.45,-1.07,2.14,,1.46,1.98,0.95,6.2,,2.32,1.93,40.88,,40.09,9.39,20.27,36.52,33.97,22.38,34.24,33.15,,22.51,37.17,26.63,29.9,,30.61,26.65,17.62,,22.59,51.03,36.89,28.54,10.07,26.21,41.32,36.05,,40.39,44.45,30.45,38.84,,21.99,31.7,1.72,,4.63,35.98,14.02,5.97,3.51,14.94,4.7,5.16,,6.57,4.98,5.3,13.41,,6.14,6.06,7.53,,8.7,58.26,33.9,9.42,4.77,24.46,15.24,11.95,,13.41,13.48,12.54,34.09,,10.63,8.57,41.83,,20.26,33.22,22.48,46.77,22.42,34.36,33.87,15.46,,34.17,18.34,23.17,20.38,,27.4,28.77,98.33,,136.84,148.69,69.52,131.78,132.64,227.22,67.62,120.3,,87.12,87.02,82.97,66.55,,130.07,171.48
2015-12-31,36.46,,41.43,13.39,34.92,35.46,37.54,10.87,34.68,31.17,,22.53,36.57,35.2,31.67,,31.66,35.45,46.5,,52.09,80.27,46.71,49.13,40.97,75.26,68.7,29.7,,65.23,45.5,54.82,56.28,,57.93,46.2,5.29,,4.44,5.86,3.95,5.66,5.47,4.97,3.22,6.27,,3.76,4.38,4.22,5.53,,4.66,3.58,18.93,,24.56,51.19,42.05,29.0,53.61,33.27,45.09,42.08,,44.38,68.55,34.96,48.82,,33.45,35.47,5.22,,9.63,13.63,8.4,4.15,6.87,11.31,6.2,8.82,,8.28,7.61,9.95,4.59,,8.35,7.05,7.91,,13.39,16.43,12.86,6.18,10.88,14.51,7.79,17.1,,11.33,11.64,14.07,6.54,,11.72,10.8,3.34,,7.12,3.34,7.0,2.31,4.91,3.4,4.29,6.88,,4.36,6.02,6.64,2.16,,4.53,6.59,29.55,,30.51,69.52,30.4,31.7,25.59,67.08,44.87,20.44,,50.53,28.86,35.52,38.46,,39.59,29.82,6.95,,9.51,50.34,25.44,7.38,4.26,26.27,18.08,10.72,,13.39,10.45,12.77,13.07,,10.38,10.21,5.66,,3.17,5.1,3.62,7.63,3.72,5.93,7.24,2.32,,6.11,3.79,3.57,8.38,,4.74,4.23,-0.76,,8.63,30.86,7.48,1.18,7.19,38.75,3.21,5.93,,7.09,5.49,8.31,-9.47,,8.37,10.27,-0.37,,3.53,15.27,7.91,0.75,1.67,9.78,3.24,2.24,,2.58,2.76,3.76,-8.53,,3.3,5.28,36.46,,41.43,13.39,34.92,35.46,37.54,10.87,34.68,31.17,,22.53,36.57,35.2,31.67,,31.66,35.45,15.56,,22.53,46.58,36.56,26.26,10.58,26.88,41.56,38.04,,39.32,47.07,29.73,36.58,,21.74,29.51,2.11,,5.77,33.99,13.14,4.96,3.22,19.62,8.7,5.15,,6.82,5.52,7.21,-0.96,,6.66,8.19,7.38,,9.95,55.18,27.97,7.96,4.39,30.99,19.34,11.44,,14.78,13.45,13.98,16.83,,11.05,11.83,29.94,,14.05,29.9,14.28,43.2,20.36,29.44,23.32,14.53,,22.94,16.6,15.06,46.31,,22.08,15.16,82.54,,143.66,127.46,96.98,122.35,138.7,161.67,68.67,124.4,,77.9,90.62,95.78,71.25,,128.33,121.4
2016-12-31,35.51,34.71,40.35,15.44,34.1,34.74,37.99,9.35,36.41,35.85,20.53,22.16,39.43,35.61,31.8,42.4,31.64,30.51,45.97,62.25,50.26,78.83,48.62,48.23,38.74,72.88,71.19,31.32,83.94,60.79,43.88,58.89,54.65,39.0,56.87,54.37,4.22,4.86,3.54,5.59,4.03,5.29,4.36,4.62,3.11,4.78,3.13,3.72,4.22,3.25,4.16,4.74,4.13,3.51,23.05,29.57,25.66,51.0,44.51,30.43,53.85,32.06,46.45,44.46,43.38,42.85,69.66,36.04,44.21,45.17,34.43,35.74,2.18,5.52,6.14,13.64,8.87,4.83,7.37,9.85,6.78,10.33,6.3,10.65,7.76,10.56,8.88,8.56,7.73,9.35,3.34,7.33,8.73,16.61,13.42,7.29,11.88,13.06,8.3,18.46,7.23,15.32,11.75,14.37,12.86,13.2,10.96,13.69,1.74,2.8,5.78,3.66,6.88,2.9,7.03,3.22,4.82,10.75,3.02,6.05,6.92,8.56,5.72,8.04,4.81,7.05,29.65,40.64,29.98,66.66,32.04,31.48,24.02,66.06,45.27,20.09,66.71,47.32,26.58,37.92,37.27,22.46,38.88,37.78,3.01,11.71,6.08,48.99,27.47,8.48,4.35,21.55,17.81,12.66,36.88,16.09,11.73,13.87,20.55,9.54,9.36,15.29,13.61,7.36,4.88,4.89,3.61,6.52,3.26,6.71,6.68,1.94,10.58,4.44,3.43,3.59,4.2,2.62,5.03,4.04,-8.09,-0.96,0.61,25.81,6.73,3.82,8.94,30.81,4.06,10.85,8.33,16.81,5.87,9.54,9.14,4.39,6.84,18.65,-3.97,-0.7,0.25,14.32,7.1,2.33,2.01,6.3,3.88,4.77,10.01,5.63,3.5,4.46,6.73,2.07,2.62,9.3,35.51,34.71,40.35,15.44,34.1,34.74,37.99,9.35,36.41,35.85,20.53,22.16,39.43,35.61,31.8,42.4,31.64,30.51,18.93,21.24,24.22,47.06,38.98,29.78,10.1,26.88,43.0,40.1,40.46,37.86,46.88,31.38,36.92,40.44,22.35,30.57,-1.7,4.8,2.25,32.18,12.84,6.15,3.34,14.88,8.96,7.31,26.3,9.56,6.41,7.41,11.55,5.49,5.66,13.04,3.3,13.22,6.26,53.0,30.29,8.99,4.48,24.43,18.89,13.53,42.43,17.75,15.42,14.84,24.63,10.31,9.85,17.18,57.38,35.75,17.29,27.32,14.54,34.5,14.23,31.01,20.76,9.31,33.13,16.52,14.46,11.68,17.48,12.44,20.78,14.18,84.58,131.03,149.13,135.77,84.62,113.23,144.27,143.13,77.4,125.31,91.4,70.81,96.9,94.96,83.28,135.24,127.79,125.12
2017-12-31,44.95,28.9,41.48,16.21,35.12,35.45,37.79,12.5,38.93,32.12,30.75,26.39,37.54,32.98,33.59,46.22,33.5,34.33,51.22,59.19,49.33,78.13,44.14,40.67,37.1,70.77,67.96,29.76,80.07,56.66,42.85,60.28,58.32,30.39,54.9,59.61,4.38,3.98,3.03,5.63,3.95,5.2,4.08,4.12,3.03,7.06,2.82,2.59,3.86,3.75,3.53,3.44,3.78,2.97,24.91,29.7,25.85,45.65,41.72,30.58,55.07,31.45,46.87,43.44,39.34,42.56,70.16,36.79,47.71,43.86,34.53,35.66,16.42,4.42,10.4,12.75,8.84,5.72,8.09,11.06,9.83,11.03,7.28,8.78,7.72,10.76,8.11,9.35,9.45,8.85,22.45,6.23,14.78,15.61,13.86,9.27,13.29,14.86,12.22,21.08,8.44,12.89,12.01,14.66,11.21,14.94,13.49,12.05,13.29,2.64,11.89,3.46,7.82,4.19,8.59,4.33,7.81,7.73,4.66,8.13,7.47,7.11,5.93,16.64,6.85,7.63,28.2,42.08,28.87,65.47,28.64,26.25,23.08,61.93,41.51,20.2,55.45,41.71,26.76,40.4,38.73,16.34,36.51,39.15,20.67,8.53,10.22,44.34,27.16,8.82,4.68,22.78,21.85,11.96,39.7,14.17,11.52,13.83,20.38,8.44,11.23,16.63,1.72,9.52,2.78,5.14,3.24,4.59,2.85,5.6,4.22,1.83,7.62,4.75,3.46,3.76,4.78,1.75,3.87,4.42,25.41,-2.36,11.44,18.62,6.82,5.96,10.81,36.93,10.33,10.49,10.25,11.8,6.05,8.79,4.58,6.64,12.08,16.7,14.38,-1.31,4.66,10.5,7.37,3.26,2.36,9.51,8.94,3.65,17.21,5.02,3.39,3.73,3.87,2.77,4.81,10.77,44.95,28.9,41.48,16.21,35.12,35.45,37.79,12.5,38.93,32.12,30.75,26.39,37.54,32.98,33.59,46.22,33.5,34.33,19.21,25.32,23.61,41.98,36.61,27.78,10.31,26.36,43.63,39.57,36.46,38.12,48.07,32.56,38.45,36.79,22.09,29.99,17.0,2.55,6.49,27.56,12.74,6.28,3.68,16.65,13.96,6.73,30.59,7.79,6.33,7.35,10.34,4.59,7.63,14.48,24.65,9.09,10.68,48.1,29.92,9.56,4.83,25.74,23.15,12.73,44.22,15.4,14.99,14.73,24.49,9.19,11.9,19.12,7.52,37.88,8.41,28.91,12.79,23.87,11.64,23.09,12.81,12.93,21.47,12.31,13.39,14.07,16.86,6.01,14.61,13.11,128.09,141.03,151.06,120.84,80.27,135.82,143.02,136.14,74.08,122.61,70.35,74.03,100.91,96.36,80.2,133.85,126.76,95.58
2018-12-31,47.47,29.34,45.26,21.78,39.86,32.65,41.31,10.83,41.98,34.09,29.24,27.64,37.4,30.52,30.27,42.58,36.27,47.47,46.86,56.76,50.69,73.41,41.55,49.53,35.01,71.97,66.83,29.01,75.12,70.5,37.11,60.19,55.13,34.97,55.63,56.39,3.28,3.96,2.8,6.38,4.15,4.96,3.83,4.64,2.73,4.25,2.71,2.3,3.78,3.06,3.91,3.18,3.7,2.54,25.71,28.83,25.45,44.3,38.94,30.46,54.99,30.39,46.83,46.27,23.43,41.1,68.72,37.5,42.8,42.75,33.92,35.95,8.65,6.94,9.35,14.41,8.83,7.81,8.31,10.48,9.13,10.7,5.58,8.62,8.28,10.29,9.4,9.66,8.55,1.3,12.0,9.99,12.81,18.19,13.62,11.83,13.44,13.97,11.3,20.11,6.77,10.95,13.66,14.23,13.68,15.41,11.93,1.69,10.73,4.36,12.03,3.93,8.52,4.72,10.55,3.52,8.62,13.15,3.87,7.34,9.44,8.05,6.26,15.12,6.52,1.73,24.61,40.11,27.75,57.42,24.99,33.36,20.54,64.17,38.77,19.12,53.15,51.02,23.23,41.82,38.44,20.08,35.46,29.62,11.51,11.98,9.48,44.98,23.0,12.49,4.9,20.58,19.88,11.55,22.66,13.99,12.02,13.27,20.55,7.61,10.36,3.06,2.85,5.78,2.97,3.99,2.83,4.27,2.47,6.13,4.25,1.79,9.53,5.92,2.8,4.06,4.09,2.08,4.14,22.71,7.25,3.84,8.34,17.79,5.98,11.61,10.64,33.84,8.81,11.2,5.59,11.36,7.8,9.57,10.85,5.53,9.01,-2.25,4.58,1.95,3.83,12.1,6.2,6.06,2.59,7.2,8.05,4.12,6.64,5.1,4.23,3.77,7.18,1.85,3.96,-2.51,47.47,29.34,45.26,21.78,39.86,32.65,41.31,10.83,41.98,34.09,29.24,27.64,37.4,30.52,30.27,42.58,36.27,47.47,23.33,23.18,23.55,39.17,33.04,27.27,10.73,25.84,43.87,42.42,22.63,36.64,44.89,33.9,33.09,35.25,22.08,30.21,6.97,5.4,5.53,27.67,10.34,10.23,3.83,14.83,12.19,6.23,16.58,7.98,7.05,6.91,11.89,3.81,6.72,0.87,12.09,13.03,9.82,49.9,25.67,13.74,5.04,22.95,20.95,12.19,24.49,15.17,16.02,13.95,25.33,8.31,10.93,3.51,9.32,22.91,8.32,25.43,11.74,21.21,9.47,28.44,11.61,7.6,25.83,13.62,10.59,12.42,15.98,6.62,15.34,57.78,130.88,133.94,150.12,106.81,74.93,156.85,148.35,148.14,86.09,129.11,86.84,103.54,102.75,99.41,87.51,117.2,134.73,120.3
2019-12-31,48.68,,45.74,22.64,41.93,36.2,42.35,12.84,45.39,34.95,35.4,28.89,41.43,30.7,30.87,,37.47,42.16,48.58,,50.59,76.8,42.22,40.68,35.87,70.81,65.9,24.13,73.36,75.26,39.87,59.91,52.57,,55.59,56.77,3.03,,2.61,5.24,5.99,4.4,3.58,4.51,2.85,4.13,2.85,1.92,3.37,2.85,4.17,,3.48,2.35,25.72,,26.45,46.55,38.88,31.99,55.56,32.77,46.23,46.59,40.58,39.73,69.02,39.36,46.55,,35.59,39.2,8.14,,9.73,13.35,8.77,6.51,8.65,10.15,8.95,10.8,7.55,7.55,7.54,8.7,11.44,,9.13,8.08,11.06,,13.29,16.27,13.19,10.47,13.72,13.62,10.99,21.33,9.12,9.16,11.64,12.05,17.02,,12.65,10.77,10.76,,13.59,4.29,5.97,5.7,11.69,3.65,8.72,16.64,5.59,7.33,9.57,7.36,7.54,,7.55,10.45,24.93,,27.45,59.42,24.51,25.95,20.68,61.72,35.99,15.7,47.39,53.51,23.35,41.52,36.34,,34.76,32.84,10.9,,9.86,46.13,22.97,8.65,5.26,19.6,20.09,11.16,35.67,13.56,11.18,12.44,23.46,,11.18,16.64,3.06,,2.82,4.45,2.8,3.99,2.39,6.08,4.02,1.45,6.28,7.09,3.1,4.77,3.18,,3.81,4.07,6.27,,8.87,17.46,4.63,6.75,11.18,25.48,8.29,11.76,10.53,8.59,5.8,5.61,16.0,,10.23,12.59,4.09,,4.11,13.66,5.09,3.25,2.88,6.32,8.45,4.25,17.62,4.46,3.56,2.46,10.13,,4.69,10.94,48.68,,45.74,22.64,41.93,36.2,42.35,12.84,45.39,34.95,35.4,28.89,41.43,30.7,30.87,,37.47,42.16,21.84,,24.55,41.18,32.86,29.42,10.9,28.21,44.53,42.96,36.94,33.82,46.26,35.42,35.66,,23.24,32.81,6.54,,5.76,29.48,10.48,6.15,4.08,13.51,12.41,6.4,28.51,7.4,6.14,5.4,15.18,,7.37,14.11,11.58,,10.21,51.36,25.89,9.15,5.43,21.71,20.95,11.75,39.63,15.07,14.64,13.11,29.48,,11.78,18.96,9.3,,7.36,23.32,16.75,17.54,8.56,27.39,11.47,6.01,17.89,13.64,10.45,13.58,13.26,,13.25,9.57,146.02,,157.63,109.1,90.41,146.16,143.81,133.25,106.01,133.13,158.16,79.99,106.77,100.33,107.53,,136.16,107.74
2020-12-31,46.5,30.11,48.36,28.03,47.28,41.34,43.81,16.29,41.87,37.37,37.06,34.3,40.97,32.9,31.5,67.36,40.3,46.43,47.19,59.52,55.39,73.35,42.97,41.41,36.59,71.85,71.25,28.45,76.85,70.33,40.36,60.53,48.55,49.99,56.76,59.59,3.0,3.17,2.32,7.48,3.01,3.05,3.19,4.11,2.22,3.6,2.43,2.16,2.47,3.35,3.34,3.55,3.22,2.24,22.55,32.16,27.88,43.05,39.61,31.93,56.85,31.78,38.06,47.77,36.13,41.38,71.81,37.8,47.38,45.85,35.75,42.18,6.24,10.08,8.42,13.12,8.92,6.84,7.14,7.36,-2.16,10.03,6.94,3.93,7.32,6.57,5.1,4.02,7.39,10.78,8.7,14.05,10.95,16.23,12.75,10.42,11.1,9.63,-2.59,18.18,8.12,4.88,11.29,8.93,7.88,4.8,9.96,13.76,8.24,7.65,12.67,3.32,13.07,9.24,10.89,2.98,-2.35,15.63,5.91,3.95,12.43,4.83,4.59,6.94,6.78,15.07,25.25,41.6,28.61,52.79,22.66,24.29,20.56,60.15,41.41,17.82,48.37,46.21,23.83,40.61,33.26,16.32,33.89,31.92,7.61,16.64,10.28,43.45,23.28,9.85,4.58,15.21,-10.0,11.0,32.82,8.71,11.63,9.78,15.65,6.2,10.03,21.97,4.05,4.13,3.4,4.02,2.54,3.55,2.88,8.17,,1.78,6.97,11.76,3.26,6.18,6.52,4.06,4.58,2.96,3.66,12.05,6.7,8.08,6.0,8.44,7.73,5.83,-14.25,9.34,10.17,-0.99,7.06,-1.5,1.18,-1.59,6.27,17.81,2.07,5.99,3.96,7.5,7.41,5.02,2.17,1.96,-27.63,3.83,17.82,-0.75,4.6,-0.73,1.14,-1.65,3.43,16.85,46.5,30.11,48.36,28.03,47.28,41.34,43.81,16.29,41.87,37.37,37.06,34.3,40.97,32.9,31.5,67.36,40.3,46.43,19.35,26.98,25.99,37.49,35.02,29.2,10.87,26.53,29.11,43.68,29.48,34.94,47.8,33.76,30.67,29.17,22.66,31.52,3.73,9.46,5.6,24.66,10.8,7.5,3.25,8.35,-25.61,5.56,26.31,2.05,6.77,1.88,3.39,0.08,5.81,19.56,8.03,17.81,10.65,48.9,25.59,10.43,4.73,16.98,-11.35,11.63,39.05,9.78,15.64,10.34,21.97,7.54,10.67,28.17,12.14,13.08,7.89,30.08,7.65,10.82,9.19,33.58,,6.4,16.93,25.34,8.05,20.72,21.78,14.4,14.74,6.64,142.45,144.85,178.85,122.82,131.74,155.2,153.4,137.63,128.49,139.8,167.03,116.28,117.11,111.61,103.66,167.16,151.45,131.41
2021-12-31,43.46,36.66,46.47,36.37,48.17,44.29,44.83,15.15,40.57,34.18,39.06,35.5,41.43,32.72,28.76,66.48,40.55,47.73,49.11,57.03,50.96,73.67,38.36,40.61,33.65,66.1,71.38,25.96,71.69,67.97,39.46,57.39,46.07,41.22,53.35,56.59,2.94,2.84,2.22,3.96,2.77,3.27,3.19,3.97,2.41,3.35,2.78,2.09,2.71,2.77,4.71,4.06,2.93,2.16,23.98,32.93,26.68,46.55,35.56,31.93,58.91,29.94,43.93,47.74,34.18,44.74,72.09,40.09,48.66,44.58,35.37,41.27,7.09,10.5,10.41,11.96,8.85,7.69,9.56,9.76,4.11,11.88,7.74,6.32,9.08,11.16,6.77,6.84,9.1,8.42,9.95,14.42,14.11,14.37,13.01,11.5,15.09,13.7,4.95,23.16,9.36,7.97,14.07,15.65,11.0,8.52,12.59,10.9,8.67,10.25,17.16,6.44,16.07,10.4,16.17,4.39,4.02,20.74,6.37,6.9,14.49,10.44,4.38,12.2,9.78,13.17,27.77,36.12,27.28,46.88,19.88,22.62,18.57,56.08,42.42,17.09,43.69,43.84,23.11,38.61,32.82,13.82,31.71,29.58,9.62,15.52,10.91,44.06,19.96,9.92,5.96,17.48,14.1,12.29,32.61,13.12,14.15,14.73,16.65,10.01,11.26,17.31,3.92,3.44,2.62,3.92,2.25,2.94,1.94,5.75,10.32,1.44,5.64,6.94,2.54,3.46,4.85,2.02,3.49,3.51,6.23,10.71,10.61,9.17,5.46,9.46,12.65,21.43,-0.37,15.66,10.83,6.43,9.97,11.91,2.61,2.67,10.21,12.05,3.67,5.81,5.17,12.29,5.93,5.4,3.53,5.81,-0.52,5.54,17.81,4.73,6.44,5.14,1.84,2.6,5.12,11.82,43.46,36.66,46.47,36.37,48.17,44.29,44.83,15.15,40.57,34.18,39.06,35.5,41.43,32.72,28.76,66.48,40.55,47.73,19.18,26.42,24.12,41.74,31.51,30.81,11.47,25.18,34.0,43.65,32.11,39.34,51.58,36.78,31.68,30.21,23.01,35.33,5.13,7.76,6.82,23.81,8.61,7.83,4.75,11.23,2.97,7.58,27.1,7.99,9.36,8.55,5.31,5.03,7.44,14.66,10.34,16.86,11.38,48.9,21.71,10.28,6.16,19.35,16.3,13.02,35.4,14.41,18.02,15.4,22.42,11.81,11.89,19.5,11.53,9.76,5.83,15.53,6.22,9.62,6.18,22.79,24.85,4.82,15.7,14.49,6.9,9.58,22.83,8.19,10.22,7.59,136.03,143.3,170.1,137.99,133.4,164.61,156.22,105.32,125.6,133.35,159.51,116.41,121.41,121.97,89.37,167.76,146.75,139.84
2022-12-31,44.47,38.44,47.55,41.66,48.11,44.53,44.07,23.03,44.08,34.43,46.75,32.65,47.0,36.32,32.71,65.03,42.45,48.17,47.66,46.0,48.84,68.42,37.35,37.5,30.98,58.13,66.89,21.48,69.86,69.85,35.0,51.64,39.48,41.01,50.23,56.58,2.81,4.04,2.62,5.06,2.99,3.8,3.06,4.93,2.9,3.86,2.69,2.04,3.33,3.5,5.74,4.17,3.26,2.48,21.96,31.08,25.29,46.39,34.39,30.95,58.04,30.17,46.23,48.56,38.0,40.05,68.47,38.83,49.5,42.01,34.75,42.05,8.09,14.31,10.57,14.77,8.51,10.16,9.52,13.74,10.66,10.17,8.23,7.11,10.37,8.97,11.74,7.67,10.45,11.46,11.4,21.43,14.44,18.1,12.62,15.55,15.5,20.27,13.08,20.97,9.8,8.93,15.83,12.96,19.81,9.66,14.64,14.79,10.9,12.5,15.73,7.31,14.69,12.87,17.96,6.22,9.82,18.73,8.21,7.42,16.77,7.8,7.7,12.83,11.1,15.73,26.47,28.32,25.62,39.92,19.38,20.8,17.33,44.74,37.4,14.08,37.2,47.04,18.55,32.89,26.57,14.34,28.91,29.33,9.51,18.58,10.35,44.9,18.93,10.7,5.47,20.82,23.09,9.99,35.54,13.84,15.14,11.97,21.89,9.83,11.85,21.55,3.27,1.98,2.42,2.7,2.28,2.05,1.82,3.26,3.51,1.38,4.52,6.61,1.79,3.67,2.26,1.87,2.77,2.56,7.23,16.01,11.06,14.03,5.27,13.05,12.83,31.9,12.75,10.98,9.97,8.63,11.9,7.04,16.64,4.33,12.83,17.98,3.78,7.99,5.15,17.77,5.64,6.12,3.25,11.13,12.17,3.71,20.12,5.48,8.16,3.41,10.15,3.61,6.18,16.28,44.47,38.44,47.55,41.66,48.11,44.53,44.07,23.03,44.08,34.43,46.75,32.65,47.0,36.32,32.71,65.03,42.45,48.17,17.84,24.98,22.58,42.27,30.34,30.86,11.23,24.06,42.37,44.12,35.79,34.74,49.2,35.33,38.75,30.77,22.98,33.93,5.57,10.64,6.74,28.5,8.33,8.79,4.41,15.54,16.1,5.77,29.71,8.5,10.79,6.07,14.68,5.69,8.46,19.14,10.12,20.46,10.82,49.16,20.56,10.99,5.6,24.13,24.85,10.64,38.13,15.32,19.16,12.58,26.8,11.18,12.54,25.59,9.18,8.0,6.36,13.67,6.81,7.77,5.57,16.07,10.18,5.34,12.18,13.47,5.96,12.81,12.99,7.8,9.01,6.36,126.29,128.34,165.68,155.49,136.11,168.83,158.7,130.91,118.3,120.73,165.98,104.37,116.67,114.44,129.74,124.43,146.57,113.67
2023-12-31,56.22,,50.84,47.49,47.87,36.88,45.25,25.58,44.79,38.44,48.91,33.26,49.32,34.26,31.7,,44.84,55.33,47.01,,46.53,65.08,36.79,36.6,30.53,62.22,60.63,17.42,68.71,67.51,34.78,53.47,37.39,,48.59,55.81,5.56,,5.05,5.98,5.24,5.19,6.04,7.19,4.66,7.78,5.11,3.5,5.49,5.55,5.98,,5.42,4.81,26.4,,27.69,44.0,35.34,31.12,58.5,32.49,46.9,53.77,40.58,39.83,68.51,38.65,46.34,,36.7,42.18,9.01,,12.38,15.25,9.23,10.92,9.71,11.3,10.84,16.09,8.92,7.8,9.13,9.12,9.86,,10.91,8.9,11.73,,16.79,18.67,13.77,18.21,15.67,15.72,13.85,32.72,10.62,9.96,13.64,13.14,17.22,,15.23,11.08,7.88,,10.72,7.46,9.19,9.11,9.62,3.39,6.95,19.28,4.97,4.95,9.44,4.68,6.45,,7.51,7.41,20.58,,22.87,34.17,19.18,23.1,16.72,46.31,33.47,10.73,35.11,45.05,17.63,35.15,25.54,,26.8,24.93,14.51,,12.29,43.21,20.11,10.22,5.61,18.52,21.04,14.64,32.12,13.6,13.5,11.85,18.09,,12.32,19.9,2.28,,1.85,2.24,2.08,2.11,1.72,4.1,3.09,0.67,3.93,5.78,1.93,3.85,2.59,,2.46,2.8,5.24,,12.26,13.3,5.78,16.13,11.91,13.77,11.32,14.35,8.67,8.0,8.61,5.23,10.3,,11.41,10.87,4.75,,6.19,17.89,6.02,5.56,3.11,5.77,9.84,5.02,15.26,4.64,6.28,2.33,5.99,,5.78,13.46,56.22,,50.84,47.49,47.87,36.88,45.25,25.58,44.79,38.44,48.91,33.26,49.32,34.26,31.7,,44.84,55.33,22.28,,25.28,38.56,31.15,30.21,11.64,27.39,44.59,48.79,43.4,36.13,51.54,35.75,36.84,,24.74,34.16,7.87,,8.43,28.5,9.69,8.3,4.52,12.85,14.36,7.22,27.05,8.65,9.29,5.78,10.59,,8.71,17.67,15.7,,12.86,49.21,21.86,10.44,5.75,20.54,21.98,15.63,32.46,14.75,16.41,12.4,21.46,,12.96,23.32,12.7,,9.33,13.4,10.88,10.98,10.4,29.46,14.4,5.19,20.11,20.21,10.6,21.38,15.51,,13.31,13.49,160.75,,166.77,116.47,126.75,161.06,155.92,141.78,114.7,133.15,177.52,112.47,120.25,104.55,129.82,,148.89,134.17
2024-12-31,,,,,,,,,,,,,,,,,,,,,,,,,,,,,,,,,,,,,,,,,,,,,,,,,,,,,,,,,,,,,,,,,,,,,,,,,,,,,,,,,,,,,,,,,,,,,,,,,,,,,,,,,,,,,,,,,,,,,,,,,,,,,,,,,,,,,,,,,,,,,,,,,,,,,,,,,,,,,,,,,,,,,,,,,,,,,,,,,,,,,,,,,,,,,,,,,,,,,,,,,,,,,,,,,,,,,,,,,,,,,,,,,,,,,,,,,,,,,,,,,,,,,,,,,,,,,,,,,,,,,,,,,,,,,,,,,,,,,,,,,,,,,,,,,,,,,,,,,,,,,,,,,,,,,,,,,,,,,,,,,,,,
